Using pre-set license
Built from '6000.0/staging' branch; Version is '6000.0.32f1 (b2e806cf271c) revision 11724806'; Using compiler version '193933523'; Build Type 'Release'
OS: 'Windows 11  (10.0.26200) 64bit CoreSingleLanguage' Language: 'en' Physical Memory: 15709 MB
BatchMode: 1, IsHumanControllingUs: 0, StartBugReporterOnCrash: 0, Is64bit: 1, IsPro: 1

COMMAND LINE ARGUMENTS:
C:\Program Files\Unity\Hub\Editor\6000.0.32f1\Editor\Unity.exe
-adb2
-batchMode
-noUpm
-name
AssetImportWorker2
-projectPath
C:/Users/Bisal shah/OneDrive/Desktop/Git/Harvest-of-the-DeaD/Harvest of the Dead
-logFile
Logs/AssetImportWorker2.log
-srvPort
59358
-job-worker-count
7
-background-job-worker-count
8
-gc-helper-count
1
Successfully changed project path to: C:/Users/Bisal shah/OneDrive/Desktop/Git/Harvest-of-the-DeaD/Harvest of the Dead
C:/Users/Bisal shah/OneDrive/Desktop/Git/Harvest-of-the-DeaD/Harvest of the Dead
[UnityMemory] Configuration Parameters - Can be set up in boot.config
    "memorysetup-bucket-allocator-granularity=16"
    "memorysetup-bucket-allocator-bucket-count=8"
    "memorysetup-bucket-allocator-block-size=33554432"
    "memorysetup-bucket-allocator-block-count=8"
    "memorysetup-main-allocator-block-size=16777216"
    "memorysetup-thread-allocator-block-size=16777216"
    "memorysetup-gfx-main-allocator-block-size=16777216"
    "memorysetup-gfx-thread-allocator-block-size=16777216"
    "memorysetup-cache-allocator-block-size=4194304"
    "memorysetup-typetree-allocator-block-size=2097152"
    "memorysetup-profiler-bucket-allocator-granularity=16"
    "memorysetup-profiler-bucket-allocator-bucket-count=8"
    "memorysetup-profiler-bucket-allocator-block-size=33554432"
    "memorysetup-profiler-bucket-allocator-block-count=8"
    "memorysetup-profiler-allocator-block-size=16777216"
    "memorysetup-profiler-editor-allocator-block-size=1048576"
    "memorysetup-temp-allocator-size-main=16777216"
    "memorysetup-job-temp-allocator-block-size=2097152"
    "memorysetup-job-temp-allocator-block-size-background=1048576"
    "memorysetup-job-temp-allocator-reduction-small-platforms=262144"
    "memorysetup-allocator-temp-initial-block-size-main=262144"
    "memorysetup-allocator-temp-initial-block-size-worker=262144"
    "memorysetup-temp-allocator-size-background-worker=32768"
    "memorysetup-temp-allocator-size-job-worker=262144"
    "memorysetup-temp-allocator-size-preload-manager=33554432"
    "memorysetup-temp-allocator-size-nav-mesh-worker=65536"
    "memorysetup-temp-allocator-size-audio-worker=65536"
    "memorysetup-temp-allocator-size-cloud-worker=32768"
    "memorysetup-temp-allocator-size-gi-baking-worker=262144"
    "memorysetup-temp-allocator-size-gi-baking-worker=262144"
    "memorysetup-temp-allocator-size-gi-baking-worker=262144"
    "memorysetup-temp-allocator-size-gi-baking-worker=262144"
    "memorysetup-temp-allocator-size-gi-baking-worker=262144"
    "memorysetup-temp-allocator-size-gfx=262144"
Player connection [24192]  Target information:

Player connection [24192]  * "[IP] 10.1.116.121 [Port] 0 [Flags] 2 [Guid] 3459349805 [EditorId] 3459349805 [Version] 1048832 [Id] WindowsEditor(7,BISAL-CHAURASIYA) [Debug] 1 [PackageName] WindowsEditor [ProjectName] Editor" 

Player connection [24192] Host joined multi-casting on [225.0.0.222:54997]...
Player connection [24192] Host joined alternative multi-casting on [225.0.0.222:34997]...
JobSystem: Creating JobQueue using job-worker-count value 7
[Physics::Module] Initialized fallback backend.
[Physics::Module] Id: 0xdecafbad
Library Redirect Path: Library/
[Physics::Module] Selected backend.
[Physics::Module] Name: PhysX
[Physics::Module] Id: 0xf2b8ea05
[Physics::Module] SDK Version: 4.1.2
[Physics::Module] Integration Version: 1.0.0
[Physics::Module] Threading Mode: Multi-Threaded
Refreshing native plugins compatible for Editor in 5.65 ms, found 7 plugins.
Preloading 0 native plugins for Editor in 0.00 ms.
Initialize engine version: 6000.0.32f1 (b2e806cf271c)
[Subsystems] Discovering subsystems at path C:/Program Files/Unity/Hub/Editor/6000.0.32f1/Editor/Data/Resources/UnitySubsystems
[Subsystems] Discovering subsystems at path C:/Users/Bisal shah/OneDrive/Desktop/Git/Harvest-of-the-DeaD/Harvest of the Dead/Assets
GfxDevice: creating device client; kGfxThreadingModeNonThreaded
Direct3D:
    Version:  Direct3D 11.0 [level 11.1]
    Renderer: AMD Radeon(TM) Graphics (ID=0x164c)
    Vendor:   ATI
    VRAM:     7854 MB
    Driver:   31.0.21912.3005
Initialize mono
Mono path[0] = 'C:/Program Files/Unity/Hub/Editor/6000.0.32f1/Editor/Data/Managed'
Mono path[1] = 'C:/Program Files/Unity/Hub/Editor/6000.0.32f1/Editor/Data/MonoBleedingEdge/lib/mono/unityjit-win32'
Mono config path = 'C:/Program Files/Unity/Hub/Editor/6000.0.32f1/Editor/Data/MonoBleedingEdge/etc'
Using monoOptions --debugger-agent=transport=dt_socket,embedding=1,server=y,suspend=n,address=127.0.0.1:56724
Begin MonoManager ReloadAssembly
Registering precompiled unity dll's ...
Register platform support module: C:/Program Files/Unity/Hub/Editor/6000.0.32f1/Editor/Data/PlaybackEngines/WebGLSupport/UnityEditor.WebGL.Extensions.dll
Register platform support module: C:/Program Files/Unity/Hub/Editor/6000.0.32f1/Editor/Data/PlaybackEngines/WindowsStandaloneSupport/UnityEditor.WindowsStandalone.Extensions.dll
Register platform support module: C:/Program Files/Unity/Hub/Editor/6000.0.32f1/Editor/Data/PlaybackEngines/AndroidPlayer/UnityEditor.Android.Extensions.dll
Register platform support module: C:/Program Files/Unity/Hub/Editor/6000.0.32f1/Editor/Data/PlaybackEngines/iOSSupport/UnityEditor.iOS.Extensions.dll
Registered in 0.015029 seconds.
- Loaded All Assemblies, in  0.639 seconds
[usbmuxd] Start listen thread
[usbmuxd] Listen thread started
Native extension for iOS target not found
Native extension for Android target not found
Android Extension - Scanning For ADB Devices 455 ms
Native extension for WindowsStandalone target not found
Native extension for WebGL target not found
Mono: successfully reloaded assembly
- Finished resetting the current domain, in  1.145 seconds
Domain Reload Profiling: 1778ms
	BeginReloadAssembly (205ms)
		ExecutionOrderSort (0ms)
		DisableScriptedObjects (0ms)
		BackupInstance (0ms)
		ReleaseScriptingObjects (0ms)
		CreateAndSetChildDomain (1ms)
	RebuildCommonClasses (53ms)
	RebuildNativeTypeToScriptingClass (14ms)
	initialDomainReloadingComplete (95ms)
	LoadAllAssembliesAndSetupDomain (266ms)
		LoadAssemblies (205ms)
		RebuildTransferFunctionScriptingTraits (0ms)
		AnalyzeDomain (258ms)
			TypeCache.Refresh (255ms)
				TypeCache.ScanAssembly (234ms)
			BuildScriptInfoCaches (0ms)
			ResolveRequiredComponents (1ms)
	FinalizeReload (1146ms)
		ReleaseScriptCaches (0ms)
		RebuildScriptCaches (0ms)
		SetupLoadedEditorAssemblies (1055ms)
			LogAssemblyErrors (0ms)
			InitializePlatformSupportModulesInManaged (635ms)
			SetLoadedEditorAssemblies (6ms)
			BeforeProcessingInitializeOnLoad (87ms)
			ProcessInitializeOnLoadAttributes (211ms)
			ProcessInitializeOnLoadMethodAttributes (116ms)
			AfterProcessingInitializeOnLoad (0ms)
			EditorAssembliesLoaded (0ms)
		ExecutionOrderSort2 (0ms)
		AwakeInstancesAfterBackupRestoration (0ms)
========================================================================
Worker process is ready to serve import requests
Import Worker Mode flag is 0x00
Begin MonoManager ReloadAssembly
- Loaded All Assemblies, in  1.602 seconds
Refreshing native plugins compatible for Editor in 4.48 ms, found 7 plugins.
Native extension for iOS target not found
Native extension for Android target not found
Native extension for WindowsStandalone target not found
Native extension for WebGL target not found
Mono: successfully reloaded assembly
- Finished resetting the current domain, in  1.280 seconds
Domain Reload Profiling: 2869ms
	BeginReloadAssembly (291ms)
		ExecutionOrderSort (0ms)
		DisableScriptedObjects (7ms)
		BackupInstance (0ms)
		ReleaseScriptingObjects (0ms)
		CreateAndSetChildDomain (55ms)
	RebuildCommonClasses (59ms)
	RebuildNativeTypeToScriptingClass (20ms)
	initialDomainReloadingComplete (69ms)
	LoadAllAssembliesAndSetupDomain (1149ms)
		LoadAssemblies (769ms)
		RebuildTransferFunctionScriptingTraits (0ms)
		AnalyzeDomain (568ms)
			TypeCache.Refresh (385ms)
				TypeCache.ScanAssembly (355ms)
			BuildScriptInfoCaches (149ms)
			ResolveRequiredComponents (27ms)
	FinalizeReload (1281ms)
		ReleaseScriptCaches (0ms)
		RebuildScriptCaches (0ms)
		SetupLoadedEditorAssemblies (971ms)
			LogAssemblyErrors (0ms)
			InitializePlatformSupportModulesInManaged (32ms)
			SetLoadedEditorAssemblies (5ms)
			BeforeProcessingInitializeOnLoad (216ms)
			ProcessInitializeOnLoadAttributes (611ms)
			ProcessInitializeOnLoadMethodAttributes (101ms)
			AfterProcessingInitializeOnLoad (6ms)
			EditorAssembliesLoaded (0ms)
		ExecutionOrderSort2 (0ms)
		AwakeInstancesAfterBackupRestoration (7ms)
Launched and connected shader compiler UnityShaderCompiler.exe after 0.03 seconds
Refreshing native plugins compatible for Editor in 3.94 ms, found 7 plugins.
Preloading 0 native plugins for Editor in 0.00 ms.
Unloading 238 Unused Serialized files (Serialized files now loaded: 0)
Unloading 7182 unused Assets / (5.3 MB). Loaded Objects now: 7901.
Memory consumption went from 189.5 MB to 184.3 MB.
Total: 12.729600 ms (FindLiveObjects: 1.372800 ms CreateObjectMapping: 1.084800 ms MarkObjects: 6.640600 ms  DeleteObjects: 3.629300 ms)

========================================================================
Received Import Request.
  Time since last request: 107230.608996 seconds.
  path: Assets/Daniel Mistage/Stylized Fantasy Armory/Prefabs/Weapons and Shields/Mallets/Mallet.001.prefab
  artifactKey: Guid(6329a24e9c3fed14bb2bff5edecc43e4) Importer(815301076,1909f56bfc062723c751e8b465ee728b)
Start importing Assets/Daniel Mistage/Stylized Fantasy Armory/Prefabs/Weapons and Shields/Mallets/Mallet.001.prefab using Guid(6329a24e9c3fed14bb2bff5edecc43e4) Importer(815301076,1909f56bfc062723c751e8b465ee728b) (PreviewImporter) -> (artifact id: '88be76fe94ba2525658343bff75bd539') in 0.8414882 seconds
Number of updated asset objects reloaded before import = 0Number of asset objects unloaded after import = 10

========================================================================
Received Import Request.
  Time since last request: 0.000061 seconds.
  path: Assets/Daniel Mistage/Stylized Fantasy Armory/FBX/OvenDoor.fbx
  artifactKey: Guid(3a42ebf277028ea418577a47ef4c5dd6) Importer(815301076,1909f56bfc062723c751e8b465ee728b)
Start importing Assets/Daniel Mistage/Stylized Fantasy Armory/FBX/OvenDoor.fbx using Guid(3a42ebf277028ea418577a47ef4c5dd6) Importer(815301076,1909f56bfc062723c751e8b465ee728b) (PreviewImporter) -> (artifact id: '20e7dd90f218111d64b9379619d8f11c') in 0.095267 seconds
Number of updated asset objects reloaded before import = 0Number of asset objects unloaded after import = 9

========================================================================
Received Import Request.
  Time since last request: 0.808470 seconds.
  path: Assets/Daniel Mistage/Stylized Fantasy Armory/Prefabs/Extra Content/Fantasy Female Character Hetalia - Props/Pistol/Individual Parts/Pistol.prefab
  artifactKey: Guid(3b5c28248470efb4086e88c4bd3623a4) Importer(815301076,1909f56bfc062723c751e8b465ee728b)
Start importing Assets/Daniel Mistage/Stylized Fantasy Armory/Prefabs/Extra Content/Fantasy Female Character Hetalia - Props/Pistol/Individual Parts/Pistol.prefab using Guid(3b5c28248470efb4086e88c4bd3623a4) Importer(815301076,1909f56bfc062723c751e8b465ee728b) (PreviewImporter) -> (artifact id: 'd6ace63dd73d109a8dffd3b7aa1110c5') in 0.0739639 seconds
Number of updated asset objects reloaded before import = 0Number of asset objects unloaded after import = 10

========================================================================
Received Import Request.
  Time since last request: 0.000055 seconds.
  path: Assets/Daniel Mistage/Stylized Fantasy Armory/FBX/Hetalia - Props/Pistol_Trigger_1.fbx
  artifactKey: Guid(7f5966777b29c474fa44e7d233c2181d) Importer(815301076,1909f56bfc062723c751e8b465ee728b)
Start importing Assets/Daniel Mistage/Stylized Fantasy Armory/FBX/Hetalia - Props/Pistol_Trigger_1.fbx using Guid(7f5966777b29c474fa44e7d233c2181d) Importer(815301076,1909f56bfc062723c751e8b465ee728b) (PreviewImporter) -> (artifact id: '1507b3dc1ce8d9845fe44c15c0c0bfc6') in 0.062291 seconds
Number of updated asset objects reloaded before import = 0Number of asset objects unloaded after import = 9

========================================================================
Received Import Request.
  Time since last request: 0.000049 seconds.
  path: Assets/Daniel Mistage/Stylized Fantasy Armory/FBX/Hetalia - Props/Pistol_Trigger_2.fbx
  artifactKey: Guid(aacc880c9573a5146bdbe7112007fd58) Importer(815301076,1909f56bfc062723c751e8b465ee728b)
Start importing Assets/Daniel Mistage/Stylized Fantasy Armory/FBX/Hetalia - Props/Pistol_Trigger_2.fbx using Guid(aacc880c9573a5146bdbe7112007fd58) Importer(815301076,1909f56bfc062723c751e8b465ee728b) (PreviewImporter) -> (artifact id: 'e6401d2d54ab45dd832d041438cbda82') in 0.0656743 seconds
Number of updated asset objects reloaded before import = 0Number of asset objects unloaded after import = 9

========================================================================
Received Import Request.
  Time since last request: 0.292461 seconds.
  path: Assets/Daniel Mistage/Stylized Fantasy Armory/Prefabs/Nature/Plants/Plant.002.prefab
  artifactKey: Guid(8f4380fb1a9515040930187183f1364d) Importer(815301076,1909f56bfc062723c751e8b465ee728b)
Start importing Assets/Daniel Mistage/Stylized Fantasy Armory/Prefabs/Nature/Plants/Plant.002.prefab using Guid(8f4380fb1a9515040930187183f1364d) Importer(815301076,1909f56bfc062723c751e8b465ee728b) (PreviewImporter) -> (artifact id: '7b019856d52a68370074d7ca23a5432d') in 0.0337988 seconds
Number of updated asset objects reloaded before import = 0Number of asset objects unloaded after import = 8

========================================================================
Received Import Request.
  Time since last request: 0.000043 seconds.
  path: Assets/Daniel Mistage/Stylized Fantasy Armory/Prefabs/Nature/Plants/Plant.004.prefab
  artifactKey: Guid(74f86eb221914734c8d212e1c2845cdb) Importer(815301076,1909f56bfc062723c751e8b465ee728b)
Start importing Assets/Daniel Mistage/Stylized Fantasy Armory/Prefabs/Nature/Plants/Plant.004.prefab using Guid(74f86eb221914734c8d212e1c2845cdb) Importer(815301076,1909f56bfc062723c751e8b465ee728b) (PreviewImporter) -> (artifact id: '4f1663509808da21ba7dbb7176d3a12e') in 0.0887431 seconds
Number of updated asset objects reloaded before import = 0Number of asset objects unloaded after import = 8

========================================================================
Received Import Request.
  Time since last request: 0.681917 seconds.
  path: Assets/Chracter/Zombie Shooter Series Farmer Cowboy/Slim Shooter Pack/rifle aiming idle.fbx
  artifactKey: Guid(99206ad6b6a982147af1f18285a9387f) Importer(815301076,1909f56bfc062723c751e8b465ee728b)
Start importing Assets/Chracter/Zombie Shooter Series Farmer Cowboy/Slim Shooter Pack/rifle aiming idle.fbx using Guid(99206ad6b6a982147af1f18285a9387f) Importer(815301076,1909f56bfc062723c751e8b465ee728b) (PreviewImporter) -> (artifact id: 'f702fac51191bcb682200a6a8427e3db') in 0.0065268 seconds
Number of updated asset objects reloaded before import = 0Number of asset objects unloaded after import = 135

========================================================================
Received Import Request.
  Time since last request: 0.000033 seconds.
  path: Assets/Daniel Mistage/Stylized Fantasy Armory/FBX/Rock.001.fbx
  artifactKey: Guid(f7f6a674a9fbb5644bed099d30318dba) Importer(815301076,1909f56bfc062723c751e8b465ee728b)
Start importing Assets/Daniel Mistage/Stylized Fantasy Armory/FBX/Rock.001.fbx using Guid(f7f6a674a9fbb5644bed099d30318dba) Importer(815301076,1909f56bfc062723c751e8b465ee728b) (PreviewImporter) -> (artifact id: '95bc1464a9ae0edf35ae0713c68ab826') in 0.0570961 seconds
Number of updated asset objects reloaded before import = 0Number of asset objects unloaded after import = 9

========================================================================
Received Import Request.
  Time since last request: 0.292619 seconds.
  path: Assets/Daniel Mistage/Stylized Fantasy Armory/FBX/Rock.002.fbx
  artifactKey: Guid(7e2df715612685a4f8dfc8cf0c12b077) Importer(815301076,1909f56bfc062723c751e8b465ee728b)
Start importing Assets/Daniel Mistage/Stylized Fantasy Armory/FBX/Rock.002.fbx using Guid(7e2df715612685a4f8dfc8cf0c12b077) Importer(815301076,1909f56bfc062723c751e8b465ee728b) (PreviewImporter) -> (artifact id: '65e8f758198c46d30e43b65424594589') in 0.0403867 seconds
Number of updated asset objects reloaded before import = 0Number of asset objects unloaded after import = 9

========================================================================
Received Import Request.
  Time since last request: 0.000030 seconds.
  path: Assets/Daniel Mistage/Stylized Fantasy Armory/Prefabs/Nature/Rocks/Rocks/Rock.004.prefab
  artifactKey: Guid(3fa5cb51075276949a259a580d4a2952) Importer(815301076,1909f56bfc062723c751e8b465ee728b)
Start importing Assets/Daniel Mistage/Stylized Fantasy Armory/Prefabs/Nature/Rocks/Rocks/Rock.004.prefab using Guid(3fa5cb51075276949a259a580d4a2952) Importer(815301076,1909f56bfc062723c751e8b465ee728b) (PreviewImporter) -> (artifact id: '51113e9a47f4fd33626c29bdb34b139c') in 0.0467507 seconds
Number of updated asset objects reloaded before import = 0Number of asset objects unloaded after import = 10

========================================================================
Received Import Request.
  Time since last request: 0.307894 seconds.
  path: Assets/Daniel Mistage/Stylized Fantasy Armory/Prefabs/Nature/Rocks/Rocks/Rock.009.prefab
  artifactKey: Guid(407db42f2357efb4ab2f34f8b95467df) Importer(815301076,1909f56bfc062723c751e8b465ee728b)
Start importing Assets/Daniel Mistage/Stylized Fantasy Armory/Prefabs/Nature/Rocks/Rocks/Rock.009.prefab using Guid(407db42f2357efb4ab2f34f8b95467df) Importer(815301076,1909f56bfc062723c751e8b465ee728b) (PreviewImporter) -> (artifact id: '59323c19d32d263485458d191d1d530f') in 0.0315372 seconds
Number of updated asset objects reloaded before import = 0Number of asset objects unloaded after import = 10

========================================================================
Received Import Request.
  Time since last request: 0.000053 seconds.
  path: Assets/Daniel Mistage/Stylized Fantasy Armory/FBX/Rock.012.fbx
  artifactKey: Guid(643b10e6cf94bcf46acb19d2c0b220df) Importer(815301076,1909f56bfc062723c751e8b465ee728b)
Start importing Assets/Daniel Mistage/Stylized Fantasy Armory/FBX/Rock.012.fbx using Guid(643b10e6cf94bcf46acb19d2c0b220df) Importer(815301076,1909f56bfc062723c751e8b465ee728b) (PreviewImporter) -> (artifact id: '7b4af7e951697e0a01555eed3610967e') in 0.0779798 seconds
Number of updated asset objects reloaded before import = 0Number of asset objects unloaded after import = 9

========================================================================
Received Import Request.
  Time since last request: 0.000032 seconds.
  path: Assets/Daniel Mistage/Stylized Fantasy Armory/FBX/Rock.013.fbx
  artifactKey: Guid(6c299941609730f4b88f06cb957ecb5f) Importer(815301076,1909f56bfc062723c751e8b465ee728b)
Start importing Assets/Daniel Mistage/Stylized Fantasy Armory/FBX/Rock.013.fbx using Guid(6c299941609730f4b88f06cb957ecb5f) Importer(815301076,1909f56bfc062723c751e8b465ee728b) (PreviewImporter) -> (artifact id: '2c2647bbdf4a97f072e2bda8101dc01d') in 0.0433842 seconds
Number of updated asset objects reloaded before import = 0Number of asset objects unloaded after import = 9

========================================================================
Received Import Request.
  Time since last request: 0.000050 seconds.
  path: Assets/Daniel Mistage/Stylized Fantasy Armory/Prefabs/Nature/Rocks/Rocks/Rock.020.prefab
  artifactKey: Guid(4dc9dfcada85d4341a5924d4147a4473) Importer(815301076,1909f56bfc062723c751e8b465ee728b)
Start importing Assets/Daniel Mistage/Stylized Fantasy Armory/Prefabs/Nature/Rocks/Rocks/Rock.020.prefab using Guid(4dc9dfcada85d4341a5924d4147a4473) Importer(815301076,1909f56bfc062723c751e8b465ee728b) (PreviewImporter) -> (artifact id: '167e960e53e7f3716cfb5218190fc43b') in 0.0418992 seconds
Number of updated asset objects reloaded before import = 0Number of asset objects unloaded after import = 10

========================================================================
Received Import Request.
  Time since last request: 0.000037 seconds.
  path: Assets/Daniel Mistage/Stylized Fantasy Armory/FBX/Rock.022.fbx
  artifactKey: Guid(3852705841a330f489a28cd1d1866f96) Importer(815301076,1909f56bfc062723c751e8b465ee728b)
Start importing Assets/Daniel Mistage/Stylized Fantasy Armory/FBX/Rock.022.fbx using Guid(3852705841a330f489a28cd1d1866f96) Importer(815301076,1909f56bfc062723c751e8b465ee728b) (PreviewImporter) -> (artifact id: '08eff87d462e1f4024a36b18882e29bb') in 0.0431234 seconds
Number of updated asset objects reloaded before import = 0Number of asset objects unloaded after import = 9

========================================================================
Received Import Request.
  Time since last request: 0.063441 seconds.
  path: Assets/Daniel Mistage/Stylized Fantasy Armory/Prefabs/Nature/Rocks/Rock + Moss/RockMoss.001.prefab
  artifactKey: Guid(7533f29e53e570547b0b2c0491c5db29) Importer(815301076,1909f56bfc062723c751e8b465ee728b)
Start importing Assets/Daniel Mistage/Stylized Fantasy Armory/Prefabs/Nature/Rocks/Rock + Moss/RockMoss.001.prefab using Guid(7533f29e53e570547b0b2c0491c5db29) Importer(815301076,1909f56bfc062723c751e8b465ee728b) (PreviewImporter) -> (artifact id: 'e7c2fbeb71d874281a563f3d0e610f62') in 0.0633473 seconds
Number of updated asset objects reloaded before import = 0Number of asset objects unloaded after import = 10

========================================================================
Received Import Request.
  Time since last request: 0.000039 seconds.
  path: Assets/Daniel Mistage/Stylized Fantasy Armory/Prefabs/Nature/Rocks/Rock + Moss/RockMoss.003.prefab
  artifactKey: Guid(a7ee887b5d402bb4389743b69c90cc07) Importer(815301076,1909f56bfc062723c751e8b465ee728b)
Start importing Assets/Daniel Mistage/Stylized Fantasy Armory/Prefabs/Nature/Rocks/Rock + Moss/RockMoss.003.prefab using Guid(a7ee887b5d402bb4389743b69c90cc07) Importer(815301076,1909f56bfc062723c751e8b465ee728b) (PreviewImporter) -> (artifact id: '4166fe835ed07d528b907e7f1662eff7') in 0.0636377 seconds
Number of updated asset objects reloaded before import = 0Number of asset objects unloaded after import = 10

========================================================================
Received Import Request.
  Time since last request: 1.008013 seconds.
  path: Assets/Daniel Mistage/Stylized Fantasy Armory/Prefabs/Decorative Props/Scroll/Scroll.001.prefab
  artifactKey: Guid(a889bf8f9fc60f249a4b27d0cc0c3ddb) Importer(815301076,1909f56bfc062723c751e8b465ee728b)
Start importing Assets/Daniel Mistage/Stylized Fantasy Armory/Prefabs/Decorative Props/Scroll/Scroll.001.prefab using Guid(a889bf8f9fc60f249a4b27d0cc0c3ddb) Importer(815301076,1909f56bfc062723c751e8b465ee728b) (PreviewImporter) -> (artifact id: 'e9cf4429fc269611903e0bc0e56606d1') in 0.0347636 seconds
Number of updated asset objects reloaded before import = 0Number of asset objects unloaded after import = 10

========================================================================
Received Import Request.
  Time since last request: 0.000044 seconds.
  path: Assets/Daniel Mistage/Stylized Fantasy Armory/Prefabs/Decorative Props/Scroll/Scroll.003.prefab
  artifactKey: Guid(bd2632d3957a3fd49a42eb6c379fea04) Importer(815301076,1909f56bfc062723c751e8b465ee728b)
Start importing Assets/Daniel Mistage/Stylized Fantasy Armory/Prefabs/Decorative Props/Scroll/Scroll.003.prefab using Guid(bd2632d3957a3fd49a42eb6c379fea04) Importer(815301076,1909f56bfc062723c751e8b465ee728b) (PreviewImporter) -> (artifact id: '9273c1dfd318f811a53be34e2024d5d4') in 0.0483006 seconds
Number of updated asset objects reloaded before import = 0Number of asset objects unloaded after import = 10

========================================================================
Received Import Request.
  Time since last request: 5.163641 seconds.
  path: Assets/Daniel Mistage/Stylized Fantasy Armory/Prefabs/Extra Content/Fantasy Farm - Props/SFF_Beehive_001 Variant.prefab
  artifactKey: Guid(ded22c466ffd4f94b8973adeae70aee9) Importer(815301076,1909f56bfc062723c751e8b465ee728b)
Start importing Assets/Daniel Mistage/Stylized Fantasy Armory/Prefabs/Extra Content/Fantasy Farm - Props/SFF_Beehive_001 Variant.prefab using Guid(ded22c466ffd4f94b8973adeae70aee9) Importer(815301076,1909f56bfc062723c751e8b465ee728b) (PreviewImporter) -> (artifact id: '8eea4b1ed9d7538a7e52e0f5613bddba') in 0.0333659 seconds
Number of updated asset objects reloaded before import = 0Number of asset objects unloaded after import = 17

========================================================================
Received Import Request.
  Time since last request: 0.000056 seconds.
  path: Assets/Daniel Mistage/Stylized Fantasy Armory/Prefabs/Extra Content/Fantasy Farm - Props/SFF_Nest_001 Variant.prefab
  artifactKey: Guid(079088a24f2f28e46aeb55a11ee9b8f5) Importer(815301076,1909f56bfc062723c751e8b465ee728b)
Start importing Assets/Daniel Mistage/Stylized Fantasy Armory/Prefabs/Extra Content/Fantasy Farm - Props/SFF_Nest_001 Variant.prefab using Guid(079088a24f2f28e46aeb55a11ee9b8f5) Importer(815301076,1909f56bfc062723c751e8b465ee728b) (PreviewImporter) -> (artifact id: 'c51131ab39c128fc0a62e819b4b18198') in 0.0315442 seconds
Number of updated asset objects reloaded before import = 0Number of asset objects unloaded after import = 17

========================================================================
Received Import Request.
  Time since last request: 0.429490 seconds.
  path: Assets/Daniel Mistage/Stylized Fantasy Armory/Prefabs/Extra Content/Fantasy Farm - Props/SFF_Nest_002 Variant.prefab
  artifactKey: Guid(00e3de0b828e82e42bb35fa0a26d9e0d) Importer(815301076,1909f56bfc062723c751e8b465ee728b)
Start importing Assets/Daniel Mistage/Stylized Fantasy Armory/Prefabs/Extra Content/Fantasy Farm - Props/SFF_Nest_002 Variant.prefab using Guid(00e3de0b828e82e42bb35fa0a26d9e0d) Importer(815301076,1909f56bfc062723c751e8b465ee728b) (PreviewImporter) -> (artifact id: '6b279b9656a3aa2ad90866ca89b255fb') in 0.0281231 seconds
Number of updated asset objects reloaded before import = 0Number of asset objects unloaded after import = 17

========================================================================
Received Import Request.
  Time since last request: 0.000049 seconds.
  path: Assets/Daniel Mistage/Stylized Fantasy Armory/FBX/Fantasy Magitech Laboratory/SFML_Jetpack.fbx
  artifactKey: Guid(6d4e262a36b2dca439c16a06fcb1d542) Importer(815301076,1909f56bfc062723c751e8b465ee728b)
Start importing Assets/Daniel Mistage/Stylized Fantasy Armory/FBX/Fantasy Magitech Laboratory/SFML_Jetpack.fbx using Guid(6d4e262a36b2dca439c16a06fcb1d542) Importer(815301076,1909f56bfc062723c751e8b465ee728b) (PreviewImporter) -> (artifact id: '6fdec07139401523b3aba93d0313468d') in 0.0459662 seconds
Number of updated asset objects reloaded before import = 0Number of asset objects unloaded after import = 10

========================================================================
Received Import Request.
  Time since last request: 0.283501 seconds.
  path: Assets/Daniel Mistage/Stylized Fantasy Armory/Prefabs/Extra Content/Fantasy Magitech Laboratory - Props/SFML_Lance.prefab
  artifactKey: Guid(7dc677c5f4dabf542a2a283d74fb095a) Importer(815301076,1909f56bfc062723c751e8b465ee728b)
Start importing Assets/Daniel Mistage/Stylized Fantasy Armory/Prefabs/Extra Content/Fantasy Magitech Laboratory - Props/SFML_Lance.prefab using Guid(7dc677c5f4dabf542a2a283d74fb095a) Importer(815301076,1909f56bfc062723c751e8b465ee728b) (PreviewImporter) -> (artifact id: '86da68cf2b5e593ed9a415d6882e873c') in 0.0326084 seconds
Number of updated asset objects reloaded before import = 0Number of asset objects unloaded after import = 18

========================================================================
Received Import Request.
  Time since last request: 0.000053 seconds.
  path: Assets/Daniel Mistage/Stylized Fantasy Armory/Prefabs/Extra Content/Fantasy Magitech Laboratory - Props/Individual Parts/SFML_Shotgun_Prop.prefab
  artifactKey: Guid(70f33e7cd79740748b5deeb5564e8afa) Importer(815301076,1909f56bfc062723c751e8b465ee728b)
Start importing Assets/Daniel Mistage/Stylized Fantasy Armory/Prefabs/Extra Content/Fantasy Magitech Laboratory - Props/Individual Parts/SFML_Shotgun_Prop.prefab using Guid(70f33e7cd79740748b5deeb5564e8afa) Importer(815301076,1909f56bfc062723c751e8b465ee728b) (PreviewImporter) -> (artifact id: '4a140971fc097fa94c06d228354fde96') in 0.0729326 seconds
Number of updated asset objects reloaded before import = 0Number of asset objects unloaded after import = 17

========================================================================
Received Import Request.
  Time since last request: 0.003003 seconds.
  path: Assets/Daniel Mistage/Stylized Fantasy Armory/Prefabs/Extra Content/Fantasy Magitech Laboratory - Props/SFML_Staff.prefab
  artifactKey: Guid(284b9ba238fbce44d906f5fe3c2c80f1) Importer(815301076,1909f56bfc062723c751e8b465ee728b)
Start importing Assets/Daniel Mistage/Stylized Fantasy Armory/Prefabs/Extra Content/Fantasy Magitech Laboratory - Props/SFML_Staff.prefab using Guid(284b9ba238fbce44d906f5fe3c2c80f1) Importer(815301076,1909f56bfc062723c751e8b465ee728b) (PreviewImporter) -> (artifact id: 'a819f3a66ffa3e2b0d7c1dbe725a822e') in 0.0513928 seconds
Number of updated asset objects reloaded before import = 0Number of asset objects unloaded after import = 18

========================================================================
Received Import Request.
  Time since last request: 0.000051 seconds.
  path: Assets/Daniel Mistage/Stylized Fantasy Armory/Prefabs/Extra Content/Fantasy Magitech Laboratory - Props/Individual Parts/SFMLShotgun_Trigger_002.prefab
  artifactKey: Guid(d80f741896701e84392bae047aef9602) Importer(815301076,1909f56bfc062723c751e8b465ee728b)
Start importing Assets/Daniel Mistage/Stylized Fantasy Armory/Prefabs/Extra Content/Fantasy Magitech Laboratory - Props/Individual Parts/SFMLShotgun_Trigger_002.prefab using Guid(d80f741896701e84392bae047aef9602) Importer(815301076,1909f56bfc062723c751e8b465ee728b) (PreviewImporter) -> (artifact id: '1ae6a662174e25717e8c4f141618a6a3') in 0.0408305 seconds
Number of updated asset objects reloaded before import = 0Number of asset objects unloaded after import = 17

========================================================================
Received Import Request.
  Time since last request: 0.185119 seconds.
  path: Assets/Daniel Mistage/Stylized Fantasy Armory/FBX/Nature Pack - Mountains/SFNP_Broken_Barrel.fbx
  artifactKey: Guid(f5b70b93eccb8ec43ba1f1aac91428fb) Importer(815301076,1909f56bfc062723c751e8b465ee728b)
Start importing Assets/Daniel Mistage/Stylized Fantasy Armory/FBX/Nature Pack - Mountains/SFNP_Broken_Barrel.fbx using Guid(f5b70b93eccb8ec43ba1f1aac91428fb) Importer(815301076,1909f56bfc062723c751e8b465ee728b) (PreviewImporter) -> (artifact id: '07577812c16bb3271a1994e45a60726a') in 0.0360821 seconds
Number of updated asset objects reloaded before import = 0Number of asset objects unloaded after import = 9

========================================================================
Received Import Request.
  Time since last request: 0.000031 seconds.
  path: Assets/Daniel Mistage/Stylized Fantasy Armory/FBX/Shelve.001.fbx
  artifactKey: Guid(59d4a68a3c2727b478ee265df54c5ac2) Importer(815301076,1909f56bfc062723c751e8b465ee728b)
Start importing Assets/Daniel Mistage/Stylized Fantasy Armory/FBX/Shelve.001.fbx using Guid(59d4a68a3c2727b478ee265df54c5ac2) Importer(815301076,1909f56bfc062723c751e8b465ee728b) (PreviewImporter) -> (artifact id: '4594b804b67cb66c8afc144bbe316e8c') in 0.0507419 seconds
Number of updated asset objects reloaded before import = 0Number of asset objects unloaded after import = 9

========================================================================
Received Import Request.
  Time since last request: 0.000051 seconds.
  path: Assets/Daniel Mistage/Stylized Fantasy Armory/Prefabs/Combinations/Shelve.001.prefab
  artifactKey: Guid(cf4bc409920c78f448a95fe814724fbd) Importer(815301076,1909f56bfc062723c751e8b465ee728b)
Start importing Assets/Daniel Mistage/Stylized Fantasy Armory/Prefabs/Combinations/Shelve.001.prefab using Guid(cf4bc409920c78f448a95fe814724fbd) Importer(815301076,1909f56bfc062723c751e8b465ee728b) (PreviewImporter) -> (artifact id: '5e7fc050dca2bec72cb16b5409c59b8d') in 0.06047 seconds
Number of updated asset objects reloaded before import = 0Number of asset objects unloaded after import = 327

========================================================================
Received Import Request.
  Time since last request: 0.379376 seconds.
  path: Assets/Daniel Mistage/Stylized Fantasy Armory/Prefabs/Combinations/Shelve.003.prefab
  artifactKey: Guid(331dee88ce8760c43885b09619494d38) Importer(815301076,1909f56bfc062723c751e8b465ee728b)
Start importing Assets/Daniel Mistage/Stylized Fantasy Armory/Prefabs/Combinations/Shelve.003.prefab using Guid(331dee88ce8760c43885b09619494d38) Importer(815301076,1909f56bfc062723c751e8b465ee728b) (PreviewImporter) -> (artifact id: '45738eda2f4a9afb2a336e8d4829fe28') in 0.0434137 seconds
Number of updated asset objects reloaded before import = 0Number of asset objects unloaded after import = 212

========================================================================
Received Import Request.
  Time since last request: 0.961096 seconds.
  path: Assets/Daniel Mistage/Stylized Fantasy Armory/FBX/Herbalism Pack - Props/Staff.fbx
  artifactKey: Guid(350310adb9cd3cd40966420966092e1d) Importer(815301076,1909f56bfc062723c751e8b465ee728b)
Start importing Assets/Daniel Mistage/Stylized Fantasy Armory/FBX/Herbalism Pack - Props/Staff.fbx using Guid(350310adb9cd3cd40966420966092e1d) Importer(815301076,1909f56bfc062723c751e8b465ee728b) (PreviewImporter) -> (artifact id: 'e0b8f3f9df2bad5a0ac89f7a9a8c1a69') in 0.0437293 seconds
Number of updated asset objects reloaded before import = 0Number of asset objects unloaded after import = 9

========================================================================
Received Import Request.
  Time since last request: 0.000031 seconds.
  path: Assets/Daniel Mistage/Stylized Fantasy Armory/FBX/StoneShield.001.fbx
  artifactKey: Guid(d059ecd35aeaf1847ae2dfc71126cbb8) Importer(815301076,1909f56bfc062723c751e8b465ee728b)
Start importing Assets/Daniel Mistage/Stylized Fantasy Armory/FBX/StoneShield.001.fbx using Guid(d059ecd35aeaf1847ae2dfc71126cbb8) Importer(815301076,1909f56bfc062723c751e8b465ee728b) (PreviewImporter) -> (artifact id: '4ee4515de99609399a5117f9fc6d2c41') in 0.0442867 seconds
Number of updated asset objects reloaded before import = 0Number of asset objects unloaded after import = 9

========================================================================
Received Import Request.
  Time since last request: 0.035639 seconds.
  path: Assets/Daniel Mistage/Stylized Fantasy Armory/FBX/StoneShield.003.fbx
  artifactKey: Guid(462b61bb72955a84b91f1ef4589d0318) Importer(815301076,1909f56bfc062723c751e8b465ee728b)
Start importing Assets/Daniel Mistage/Stylized Fantasy Armory/FBX/StoneShield.003.fbx using Guid(462b61bb72955a84b91f1ef4589d0318) Importer(815301076,1909f56bfc062723c751e8b465ee728b) (PreviewImporter) -> (artifact id: 'fe868277dbd10a8b10e012921a440d32') in 0.0423889 seconds
Number of updated asset objects reloaded before import = 0Number of asset objects unloaded after import = 9

========================================================================
Received Import Request.
  Time since last request: 0.000031 seconds.
  path: Assets/Daniel Mistage/Stylized Fantasy Armory/FBX/StoneShield.006.fbx
  artifactKey: Guid(52c057f2b11c832469f635363e5c98f1) Importer(815301076,1909f56bfc062723c751e8b465ee728b)
Start importing Assets/Daniel Mistage/Stylized Fantasy Armory/FBX/StoneShield.006.fbx using Guid(52c057f2b11c832469f635363e5c98f1) Importer(815301076,1909f56bfc062723c751e8b465ee728b) (PreviewImporter) -> (artifact id: 'b10bb2dabe7e1086cd047e103d9bb76f') in 0.0513927 seconds
Number of updated asset objects reloaded before import = 0Number of asset objects unloaded after import = 9

========================================================================
Received Import Request.
  Time since last request: 0.193601 seconds.
  path: Assets/Daniel Mistage/Stylized Fantasy Armory/Prefabs/Weapons and Shields/Shields/Stone Shields/StoneShield.006.prefab
  artifactKey: Guid(9384f91952eb10540acde7f6225e548c) Importer(815301076,1909f56bfc062723c751e8b465ee728b)
Start importing Assets/Daniel Mistage/Stylized Fantasy Armory/Prefabs/Weapons and Shields/Shields/Stone Shields/StoneShield.006.prefab using Guid(9384f91952eb10540acde7f6225e548c) Importer(815301076,1909f56bfc062723c751e8b465ee728b) (PreviewImporter) -> (artifact id: '36659ce479f3e1b9a8b3617780918961') in 0.0684235 seconds
Number of updated asset objects reloaded before import = 0Number of asset objects unloaded after import = 10

========================================================================
Received Import Request.
  Time since last request: 0.053066 seconds.
  path: Assets/Daniel Mistage/Stylized Fantasy Armory/Prefabs/Weapons and Shields/Swords/Sword.001.prefab
  artifactKey: Guid(645ec62e9afaadd4abb74bf74ae13308) Importer(815301076,1909f56bfc062723c751e8b465ee728b)
Start importing Assets/Daniel Mistage/Stylized Fantasy Armory/Prefabs/Weapons and Shields/Swords/Sword.001.prefab using Guid(645ec62e9afaadd4abb74bf74ae13308) Importer(815301076,1909f56bfc062723c751e8b465ee728b) (PreviewImporter) -> (artifact id: 'b76ec104e25355d7905076fcfb0b0551') in 0.0698891 seconds
Number of updated asset objects reloaded before import = 0Number of asset objects unloaded after import = 10

========================================================================
Received Import Request.
  Time since last request: 0.270394 seconds.
  path: Assets/Daniel Mistage/Stylized Fantasy Armory/Prefabs/Weapons and Shields/Swords/Sword.003.prefab
  artifactKey: Guid(0895ea177a95acc45a95cd0b2d5fb989) Importer(815301076,1909f56bfc062723c751e8b465ee728b)
Start importing Assets/Daniel Mistage/Stylized Fantasy Armory/Prefabs/Weapons and Shields/Swords/Sword.003.prefab using Guid(0895ea177a95acc45a95cd0b2d5fb989) Importer(815301076,1909f56bfc062723c751e8b465ee728b) (PreviewImporter) -> (artifact id: 'a4312dda338c2af1169d644e2b1a6f9a') in 0.0386398 seconds
Number of updated asset objects reloaded before import = 0Number of asset objects unloaded after import = 10

========================================================================
Received Import Request.
  Time since last request: 0.026379 seconds.
  path: Assets/Daniel Mistage/Stylized Fantasy Armory/Prefabs/Decorative Props/Table/Table.prefab
  artifactKey: Guid(b92ec75469be72e478a2fca8e4629a05) Importer(815301076,1909f56bfc062723c751e8b465ee728b)
Start importing Assets/Daniel Mistage/Stylized Fantasy Armory/Prefabs/Decorative Props/Table/Table.prefab using Guid(b92ec75469be72e478a2fca8e4629a05) Importer(815301076,1909f56bfc062723c751e8b465ee728b) (PreviewImporter) -> (artifact id: '2a6fd612e35a8966e7c75babc1109e48') in 0.0309865 seconds
Number of updated asset objects reloaded before import = 0Number of asset objects unloaded after import = 10

========================================================================
Received Import Request.
  Time since last request: 0.000034 seconds.
  path: Assets/Daniel Mistage/Stylized Fantasy Armory/FBX/Tablecloth.fbx
  artifactKey: Guid(e8a65e1f3934aa144914742517bf04aa) Importer(815301076,1909f56bfc062723c751e8b465ee728b)
Start importing Assets/Daniel Mistage/Stylized Fantasy Armory/FBX/Tablecloth.fbx using Guid(e8a65e1f3934aa144914742517bf04aa) Importer(815301076,1909f56bfc062723c751e8b465ee728b) (PreviewImporter) -> (artifact id: '75bb1fdbeecbbe4dce112a4f9f1b641f') in 0.0534348 seconds
Number of updated asset objects reloaded before import = 0Number of asset objects unloaded after import = 9

========================================================================
Received Import Request.
  Time since last request: 0.182662 seconds.
  path: Assets/Daniel Mistage/Stylized Fantasy Armory/Prefabs/Decorative Props/Target/Target.prefab
  artifactKey: Guid(b733331b9c8671647b262bd79ef1ec74) Importer(815301076,1909f56bfc062723c751e8b465ee728b)
Start importing Assets/Daniel Mistage/Stylized Fantasy Armory/Prefabs/Decorative Props/Target/Target.prefab using Guid(b733331b9c8671647b262bd79ef1ec74) Importer(815301076,1909f56bfc062723c751e8b465ee728b) (PreviewImporter) -> (artifact id: '38ae099599898eca6054fa4f8a7c5683') in 0.0725686 seconds
Number of updated asset objects reloaded before import = 0Number of asset objects unloaded after import = 10

========================================================================
Received Import Request.
  Time since last request: 0.000038 seconds.
  path: Assets/TextMesh Pro/Examples & Extras/Prefabs/TextMeshPro - Prefab 1.prefab
  artifactKey: Guid(a6e39ced0ea046bcb636c3f0b2e2a745) Importer(815301076,1909f56bfc062723c751e8b465ee728b)
Start importing Assets/TextMesh Pro/Examples & Extras/Prefabs/TextMeshPro - Prefab 1.prefab using Guid(a6e39ced0ea046bcb636c3f0b2e2a745) Importer(815301076,1909f56bfc062723c751e8b465ee728b) (PreviewImporter) -> (artifact id: '28b82d051194b64ec789cdccb72376d3') in 0.0449602 seconds
Number of updated asset objects reloaded before import = 0Number of asset objects unloaded after import = 16

========================================================================
Received Import Request.
  Time since last request: 0.000047 seconds.
  path: Assets/Samples/AI Navigation/2.0.9/Build And Connect NavMesh Surfaces/Prefabs/DungeonTiles/Tile1.prefab
  artifactKey: Guid(eac302f53f4e5ea4daf5babd66e7a1bb) Importer(815301076,1909f56bfc062723c751e8b465ee728b)
Start importing Assets/Samples/AI Navigation/2.0.9/Build And Connect NavMesh Surfaces/Prefabs/DungeonTiles/Tile1.prefab using Guid(eac302f53f4e5ea4daf5babd66e7a1bb) Importer(815301076,1909f56bfc062723c751e8b465ee728b) (PreviewImporter) -> (artifact id: '8204052a504b10cf69babb50430290b7') in 0.0798522 seconds
Number of updated asset objects reloaded before import = 0Number of asset objects unloaded after import = 39

========================================================================
Received Import Request.
  Time since last request: 0.202931 seconds.
  path: Assets/Samples/AI Navigation/2.0.9/Build And Connect NavMesh Surfaces/Prefabs/DungeonTiles/Tile3.prefab
  artifactKey: Guid(9f5b0033b1d69084f84192f57fdc9224) Importer(815301076,1909f56bfc062723c751e8b465ee728b)
Start importing Assets/Samples/AI Navigation/2.0.9/Build And Connect NavMesh Surfaces/Prefabs/DungeonTiles/Tile3.prefab using Guid(9f5b0033b1d69084f84192f57fdc9224) Importer(815301076,1909f56bfc062723c751e8b465ee728b) (PreviewImporter) -> (artifact id: 'ec0ed9fae195fa11027f4872cf5b1aea') in 0.0446373 seconds
Number of updated asset objects reloaded before import = 0Number of asset objects unloaded after import = 37

========================================================================
Received Import Request.
  Time since last request: 0.000043 seconds.
  path: Assets/Samples/AI Navigation/2.0.9/Build And Connect NavMesh Surfaces/Prefabs/DungeonTiles/Tile7.prefab
  artifactKey: Guid(cec3eb0e2dc6e5644ad75ee41750a4d8) Importer(815301076,1909f56bfc062723c751e8b465ee728b)
Start importing Assets/Samples/AI Navigation/2.0.9/Build And Connect NavMesh Surfaces/Prefabs/DungeonTiles/Tile7.prefab using Guid(cec3eb0e2dc6e5644ad75ee41750a4d8) Importer(815301076,1909f56bfc062723c751e8b465ee728b) (PreviewImporter) -> (artifact id: '2a8cf432c4de07ca9df9464c56bffde0') in 0.0639438 seconds
Number of updated asset objects reloaded before import = 0Number of asset objects unloaded after import = 35

========================================================================
Received Import Request.
  Time since last request: 0.000069 seconds.
  path: Assets/Samples/AI Navigation/2.0.9/Build And Connect NavMesh Surfaces/Prefabs/DungeonTiles/Tile9.prefab
  artifactKey: Guid(7957d6f8f9172704e96d7e9a01ae30df) Importer(815301076,1909f56bfc062723c751e8b465ee728b)
Start importing Assets/Samples/AI Navigation/2.0.9/Build And Connect NavMesh Surfaces/Prefabs/DungeonTiles/Tile9.prefab using Guid(7957d6f8f9172704e96d7e9a01ae30df) Importer(815301076,1909f56bfc062723c751e8b465ee728b) (PreviewImporter) -> (artifact id: '7d9de9dfbdd7330cd4150bda5785a784') in 0.0520859 seconds
Number of updated asset objects reloaded before import = 0Number of asset objects unloaded after import = 37

========================================================================
Received Import Request.
  Time since last request: 0.000037 seconds.
  path: Assets/Samples/AI Navigation/2.0.9/Build And Connect NavMesh Surfaces/Prefabs/DungeonTiles/Tile13.prefab
  artifactKey: Guid(3535f5eddb6474b4b87035d10881f26a) Importer(815301076,1909f56bfc062723c751e8b465ee728b)
Start importing Assets/Samples/AI Navigation/2.0.9/Build And Connect NavMesh Surfaces/Prefabs/DungeonTiles/Tile13.prefab using Guid(3535f5eddb6474b4b87035d10881f26a) Importer(815301076,1909f56bfc062723c751e8b465ee728b) (PreviewImporter) -> (artifact id: '268d900f0a62db98176a4bd18d6208f8') in 0.044493 seconds
Number of updated asset objects reloaded before import = 0Number of asset objects unloaded after import = 35

========================================================================
Received Import Request.
  Time since last request: 18.448894 seconds.
  path: Assets/Chracter/Zombie Shooter Series Farmer Cowboy/Slim Shooter Pack/walking.fbx
  artifactKey: Guid(ba9bf41c3c326c348b132ac6777b0a73) Importer(815301076,1909f56bfc062723c751e8b465ee728b)
Start importing Assets/Chracter/Zombie Shooter Series Farmer Cowboy/Slim Shooter Pack/walking.fbx using Guid(ba9bf41c3c326c348b132ac6777b0a73) Importer(815301076,1909f56bfc062723c751e8b465ee728b) (PreviewImporter) -> (artifact id: '3486f0f1ce8fc6b4422c3aabd1ddf133') in 0.0064632 seconds
Number of updated asset objects reloaded before import = 0Number of asset objects unloaded after import = 135

========================================================================
Received Import Request.
  Time since last request: 38.286431 seconds.
  path: Assets/Chracter/Zombie Shooter Series Farmer Cowboy/Slim Shooter Pack/reloading.fbx
  artifactKey: Guid(5cd91a5c8c20971489825022a48e5dce) Importer(815301076,1909f56bfc062723c751e8b465ee728b)
Start importing Assets/Chracter/Zombie Shooter Series Farmer Cowboy/Slim Shooter Pack/reloading.fbx using Guid(5cd91a5c8c20971489825022a48e5dce) Importer(815301076,1909f56bfc062723c751e8b465ee728b) (PreviewImporter) -> (artifact id: '393d913699389683b4b89d69f4a1b33c') in 0.0063253 seconds
Number of updated asset objects reloaded before import = 0Number of asset objects unloaded after import = 137

========================================================================
Received Import Request.
  Time since last request: 19.377789 seconds.
  path: Assets/3D-Models/house/Assets/Modular_Big_Piece/Prefab/Wall_Piece_R.prefab
  artifactKey: Guid(fa38dbe0cd478194db79f8bac6e54821) Importer(815301076,1909f56bfc062723c751e8b465ee728b)
Start importing Assets/3D-Models/house/Assets/Modular_Big_Piece/Prefab/Wall_Piece_R.prefab using Guid(fa38dbe0cd478194db79f8bac6e54821) Importer(815301076,1909f56bfc062723c751e8b465ee728b) (PreviewImporter) -> (artifact id: '5b1d6417e111636921062d2ff2cf5c85') in 0.1336644 seconds
Number of updated asset objects reloaded before import = 0Number of asset objects unloaded after import = 16

========================================================================
Received Import Request.
  Time since last request: 0.000082 seconds.
  path: Assets/3D-Models/house/Assets/Modular_Big_Piece/Model/Wall_Piece_R4.fbx
  artifactKey: Guid(a3a5ffe098f1a0c44aad2604ae7b5d7e) Importer(815301076,1909f56bfc062723c751e8b465ee728b)
Start importing Assets/3D-Models/house/Assets/Modular_Big_Piece/Model/Wall_Piece_R4.fbx using Guid(a3a5ffe098f1a0c44aad2604ae7b5d7e) Importer(815301076,1909f56bfc062723c751e8b465ee728b) (PreviewImporter) -> (artifact id: 'f5866f25366335b01ad019db4a629358') in 0.2004819 seconds
Number of updated asset objects reloaded before import = 0Number of asset objects unloaded after import = 23

========================================================================
Received Import Request.
  Time since last request: 0.000077 seconds.
  path: Assets/Daniel Mistage/Stylized Fantasy Armory/FBX/WeaponRack.002.fbx
  artifactKey: Guid(4c55993ad72fda0448a1337ab6ef2678) Importer(815301076,1909f56bfc062723c751e8b465ee728b)
Start importing Assets/Daniel Mistage/Stylized Fantasy Armory/FBX/WeaponRack.002.fbx using Guid(4c55993ad72fda0448a1337ab6ef2678) Importer(815301076,1909f56bfc062723c751e8b465ee728b) (PreviewImporter) -> (artifact id: '79ad2a34946acdcaebc13840ed277f0d') in 0.0586777 seconds
Number of updated asset objects reloaded before import = 0Number of asset objects unloaded after import = 9

========================================================================
Received Import Request.
  Time since last request: 0.000043 seconds.
  path: Assets/Daniel Mistage/Stylized Fantasy Armory/FBX/WeaponRack.003.fbx
  artifactKey: Guid(b19e4c5154fd6be41b48bdca4da9fecb) Importer(815301076,1909f56bfc062723c751e8b465ee728b)
Start importing Assets/Daniel Mistage/Stylized Fantasy Armory/FBX/WeaponRack.003.fbx using Guid(b19e4c5154fd6be41b48bdca4da9fecb) Importer(815301076,1909f56bfc062723c751e8b465ee728b) (PreviewImporter) -> (artifact id: '47bc55c110650a4a0ce7b278241e0996') in 0.1014927 seconds
Number of updated asset objects reloaded before import = 0Number of asset objects unloaded after import = 9

========================================================================
Received Import Request.
  Time since last request: 0.000042 seconds.
  path: Assets/3D-Models/house/Assets/Modular_Big_Piece/Model/Wall_Piece_R3.fbx
  artifactKey: Guid(862b08a12a3b91246afdab94b322b0d5) Importer(815301076,1909f56bfc062723c751e8b465ee728b)
Start importing Assets/3D-Models/house/Assets/Modular_Big_Piece/Model/Wall_Piece_R3.fbx using Guid(862b08a12a3b91246afdab94b322b0d5) Importer(815301076,1909f56bfc062723c751e8b465ee728b) (PreviewImporter) -> (artifact id: 'edb59e081b2c0510a529e25f6ff5e0b7') in 0.0890986 seconds
Number of updated asset objects reloaded before import = 0Number of asset objects unloaded after import = 23

========================================================================
Received Import Request.
  Time since last request: 0.000134 seconds.
  path: Assets/3D-Models/house/Assets/Modular_Big_Piece/Prefab/Wall_Piece_R2.prefab
  artifactKey: Guid(7adc9cfc68ef13147a40eeadcdf05ce8) Importer(815301076,1909f56bfc062723c751e8b465ee728b)
Start importing Assets/3D-Models/house/Assets/Modular_Big_Piece/Prefab/Wall_Piece_R2.prefab using Guid(7adc9cfc68ef13147a40eeadcdf05ce8) Importer(815301076,1909f56bfc062723c751e8b465ee728b) (PreviewImporter) -> (artifact id: 'ecddcfed9ff56fda80c37dbe14f00234') in 0.0791576 seconds
Number of updated asset objects reloaded before import = 0Number of asset objects unloaded after import = 20

========================================================================
Received Import Request.
  Time since last request: 0.000049 seconds.
  path: Assets/3D-Models/house/Assets/Modular_Big_Piece/Model/Wall_Piece_R5.fbx
  artifactKey: Guid(e866af0620eac234981804bf338d37ef) Importer(815301076,1909f56bfc062723c751e8b465ee728b)
Start importing Assets/3D-Models/house/Assets/Modular_Big_Piece/Model/Wall_Piece_R5.fbx using Guid(e866af0620eac234981804bf338d37ef) Importer(815301076,1909f56bfc062723c751e8b465ee728b) (PreviewImporter) -> (artifact id: '43f5bfd97e511300005fd76c72b4cc1a') in 0.1423993 seconds
Number of updated asset objects reloaded before import = 0Number of asset objects unloaded after import = 23

========================================================================
Received Import Request.
  Time since last request: 0.000058 seconds.
  path: Assets/3D-Models/house/Assets/Modular_Big_Piece/Model/Wall_Piece_R2.fbx
  artifactKey: Guid(3dcb42ca03589e44381b1767e057834c) Importer(815301076,1909f56bfc062723c751e8b465ee728b)
Start importing Assets/3D-Models/house/Assets/Modular_Big_Piece/Model/Wall_Piece_R2.fbx using Guid(3dcb42ca03589e44381b1767e057834c) Importer(815301076,1909f56bfc062723c751e8b465ee728b) (PreviewImporter) -> (artifact id: '87a023b087e32d8a83a5883317dbddaf') in 0.1149587 seconds
Number of updated asset objects reloaded before import = 0Number of asset objects unloaded after import = 19

========================================================================
Received Import Request.
  Time since last request: 0.000062 seconds.
  path: Assets/Daniel Mistage/Stylized Fantasy Armory/Prefabs/Combinations/WeaponRack.001.prefab
  artifactKey: Guid(8ba564e377e2c614490759b11f4c6c6e) Importer(815301076,1909f56bfc062723c751e8b465ee728b)
Start importing Assets/Daniel Mistage/Stylized Fantasy Armory/Prefabs/Combinations/WeaponRack.001.prefab using Guid(8ba564e377e2c614490759b11f4c6c6e) Importer(815301076,1909f56bfc062723c751e8b465ee728b) (PreviewImporter) -> (artifact id: '2c44c5a08a6db8e3b0856565b4bf75e7') in 0.0504998 seconds
Number of updated asset objects reloaded before import = 0Number of asset objects unloaded after import = 75

========================================================================
Received Import Request.
  Time since last request: 0.000041 seconds.
  path: Assets/Daniel Mistage/Stylized Fantasy Armory/Prefabs/Decorative Props/Weapon Racks/WeaponRack.003.prefab
  artifactKey: Guid(a2248798ab010bb4db1560c38bce6a97) Importer(815301076,1909f56bfc062723c751e8b465ee728b)
Start importing Assets/Daniel Mistage/Stylized Fantasy Armory/Prefabs/Decorative Props/Weapon Racks/WeaponRack.003.prefab using Guid(a2248798ab010bb4db1560c38bce6a97) Importer(815301076,1909f56bfc062723c751e8b465ee728b) (PreviewImporter) -> (artifact id: 'de019cccebfa1b40d541af6d0e642578') in 0.0669038 seconds
Number of updated asset objects reloaded before import = 0Number of asset objects unloaded after import = 10

========================================================================
Received Import Request.
  Time since last request: 2.203343 seconds.
  path: Assets/3D-Models/house/Assets/Modular_Big_Piece/Model/Xanochka_T1.fbx
  artifactKey: Guid(1ebdcff390a8f3840b54f953b37b4dc3) Importer(815301076,1909f56bfc062723c751e8b465ee728b)
Start importing Assets/3D-Models/house/Assets/Modular_Big_Piece/Model/Xanochka_T1.fbx using Guid(1ebdcff390a8f3840b54f953b37b4dc3) Importer(815301076,1909f56bfc062723c751e8b465ee728b) (PreviewImporter) -> (artifact id: 'd9ea58b4ec7c8a6ef2c19c8e2464a610') in 0.1333275 seconds
Number of updated asset objects reloaded before import = 0Number of asset objects unloaded after import = 27

========================================================================
Received Import Request.
  Time since last request: 0.000057 seconds.
  path: Assets/Daniel Mistage/Stylized Fantasy Armory/FBX/WoodenShield.006.fbx
  artifactKey: Guid(2534c370a48445d4790b479e361aaa95) Importer(815301076,1909f56bfc062723c751e8b465ee728b)
Start importing Assets/Daniel Mistage/Stylized Fantasy Armory/FBX/WoodenShield.006.fbx using Guid(2534c370a48445d4790b479e361aaa95) Importer(815301076,1909f56bfc062723c751e8b465ee728b) (PreviewImporter) -> (artifact id: '2a3cd3b9144d35a44de4120c8ddcf9f2') in 0.0568 seconds
Number of updated asset objects reloaded before import = 0Number of asset objects unloaded after import = 9

========================================================================
Received Import Request.
  Time since last request: 0.000093 seconds.
  path: Assets/Daniel Mistage/Stylized Fantasy Armory/FBX/WoodenShield.009.fbx
  artifactKey: Guid(5521114e7c5305041b8e1062c32c8e56) Importer(815301076,1909f56bfc062723c751e8b465ee728b)
Start importing Assets/Daniel Mistage/Stylized Fantasy Armory/FBX/WoodenShield.009.fbx using Guid(5521114e7c5305041b8e1062c32c8e56) Importer(815301076,1909f56bfc062723c751e8b465ee728b) (PreviewImporter) -> (artifact id: 'b7d985301646f0f98ec50e5bcbc70f2f') in 0.0907068 seconds
Number of updated asset objects reloaded before import = 0Number of asset objects unloaded after import = 9

========================================================================
Received Import Request.
  Time since last request: 0.000035 seconds.
  path: Assets/3D-Models/house/Assets/Modular_Big_Piece/Prefab/Xanochka.prefab
  artifactKey: Guid(8541971cf6b2c7b41a5b6def4902e527) Importer(815301076,1909f56bfc062723c751e8b465ee728b)
Start importing Assets/3D-Models/house/Assets/Modular_Big_Piece/Prefab/Xanochka.prefab using Guid(8541971cf6b2c7b41a5b6def4902e527) Importer(815301076,1909f56bfc062723c751e8b465ee728b) (PreviewImporter) -> (artifact id: '4b1f5052a8a69b5a69a7d765feb424b7') in 0.1038131 seconds
Number of updated asset objects reloaded before import = 0Number of asset objects unloaded after import = 29

========================================================================
Received Import Request.
  Time since last request: 0.000071 seconds.
  path: Assets/Daniel Mistage/Stylized Fantasy Armory/Prefabs/Weapons and Shields/Shields/Wooden Shields/WoodenShield.009.prefab
  artifactKey: Guid(316cd7662f5ba094fad6c417f897771f) Importer(815301076,1909f56bfc062723c751e8b465ee728b)
Start importing Assets/Daniel Mistage/Stylized Fantasy Armory/Prefabs/Weapons and Shields/Shields/Wooden Shields/WoodenShield.009.prefab using Guid(316cd7662f5ba094fad6c417f897771f) Importer(815301076,1909f56bfc062723c751e8b465ee728b) (PreviewImporter) -> (artifact id: 'ed6a969b1026c287a5e0644ee349155c') in 0.0896671 seconds
Number of updated asset objects reloaded before import = 0Number of asset objects unloaded after import = 10

========================================================================
Received Import Request.
  Time since last request: 0.000071 seconds.
  path: Assets/Daniel Mistage/Stylized Fantasy Armory/FBX/WoodenLog.002.fbx
  artifactKey: Guid(54b90818b9ea065418a5dac0c34b69fc) Importer(815301076,1909f56bfc062723c751e8b465ee728b)
Start importing Assets/Daniel Mistage/Stylized Fantasy Armory/FBX/WoodenLog.002.fbx using Guid(54b90818b9ea065418a5dac0c34b69fc) Importer(815301076,1909f56bfc062723c751e8b465ee728b) (PreviewImporter) -> (artifact id: '0921ed19a6d166f3a07bfab4b8ae4ddb') in 0.0415035 seconds
Number of updated asset objects reloaded before import = 0Number of asset objects unloaded after import = 9

========================================================================
Received Import Request.
  Time since last request: 0.000033 seconds.
  path: Assets/Daniel Mistage/Stylized Fantasy Armory/FBX/WoodenLog.001.fbx
  artifactKey: Guid(d97bc65f53974784689a19c7df43c53f) Importer(815301076,1909f56bfc062723c751e8b465ee728b)
Start importing Assets/Daniel Mistage/Stylized Fantasy Armory/FBX/WoodenLog.001.fbx using Guid(d97bc65f53974784689a19c7df43c53f) Importer(815301076,1909f56bfc062723c751e8b465ee728b) (PreviewImporter) -> (artifact id: '11559d1ef2f0e47164b018c5da4e5f00') in 0.054113 seconds
Number of updated asset objects reloaded before import = 0Number of asset objects unloaded after import = 9

========================================================================
Received Import Request.
  Time since last request: 0.000034 seconds.
  path: Assets/Daniel Mistage/Stylized Fantasy Armory/Prefabs/Weapons and Shields/Shields/Wooden Shields/WoodenShield.005.prefab
  artifactKey: Guid(e690be25a12851c4c943cebafad229da) Importer(815301076,1909f56bfc062723c751e8b465ee728b)
Start importing Assets/Daniel Mistage/Stylized Fantasy Armory/Prefabs/Weapons and Shields/Shields/Wooden Shields/WoodenShield.005.prefab using Guid(e690be25a12851c4c943cebafad229da) Importer(815301076,1909f56bfc062723c751e8b465ee728b) (PreviewImporter) -> (artifact id: '4c53ae4bc97445601a093ce82a4edf76') in 0.0587801 seconds
Number of updated asset objects reloaded before import = 0Number of asset objects unloaded after import = 10

========================================================================
Received Import Request.
  Time since last request: 0.000041 seconds.
  path: Assets/Daniel Mistage/Stylized Fantasy Armory/FBX/WoodenShield.008.fbx
  artifactKey: Guid(a565b88632c38a34ebdd134b20f6feaf) Importer(815301076,1909f56bfc062723c751e8b465ee728b)
Start importing Assets/Daniel Mistage/Stylized Fantasy Armory/FBX/WoodenShield.008.fbx using Guid(a565b88632c38a34ebdd134b20f6feaf) Importer(815301076,1909f56bfc062723c751e8b465ee728b) (PreviewImporter) -> (artifact id: '9a1eb043fc07a4c1f8044d6edc16fc55') in 0.0671591 seconds
Number of updated asset objects reloaded before import = 0Number of asset objects unloaded after import = 9

========================================================================
Received Import Request.
  Time since last request: 0.000047 seconds.
  path: Assets/Daniel Mistage/Stylized Fantasy Armory/Prefabs/Weapons and Shields/Shields/Wooden Shields/WoodenShield.004.prefab
  artifactKey: Guid(2f37e10b9d29b784aa86843a00a4eebd) Importer(815301076,1909f56bfc062723c751e8b465ee728b)
Start importing Assets/Daniel Mistage/Stylized Fantasy Armory/Prefabs/Weapons and Shields/Shields/Wooden Shields/WoodenShield.004.prefab using Guid(2f37e10b9d29b784aa86843a00a4eebd) Importer(815301076,1909f56bfc062723c751e8b465ee728b) (PreviewImporter) -> (artifact id: 'a848052e9ed932ca61dc7ff8b8a10682') in 0.0406471 seconds
Number of updated asset objects reloaded before import = 0Number of asset objects unloaded after import = 10

========================================================================
Received Import Request.
  Time since last request: 0.000034 seconds.
  path: Assets/3D-Models/house/Assets/Window/Prefab/Window_S1.prefab
  artifactKey: Guid(073ad767bf705c242bfd28ab04d03e3d) Importer(815301076,1909f56bfc062723c751e8b465ee728b)
Start importing Assets/3D-Models/house/Assets/Window/Prefab/Window_S1.prefab using Guid(073ad767bf705c242bfd28ab04d03e3d) Importer(815301076,1909f56bfc062723c751e8b465ee728b) (PreviewImporter) -> (artifact id: 'db3ff6bea2a30036d13fa828ae772f11') in 0.0469143 seconds
Number of updated asset objects reloaded before import = 0Number of asset objects unloaded after import = 17

========================================================================
Received Import Request.
  Time since last request: 0.000044 seconds.
  path: Assets/Daniel Mistage/Stylized Fantasy Armory/Prefabs/Weapons and Shields/Shields/Wooden Shields/WoodenShield.001.prefab
  artifactKey: Guid(2ce1a100c8273ed47a42512d5e4c5ba8) Importer(815301076,1909f56bfc062723c751e8b465ee728b)
Start importing Assets/Daniel Mistage/Stylized Fantasy Armory/Prefabs/Weapons and Shields/Shields/Wooden Shields/WoodenShield.001.prefab using Guid(2ce1a100c8273ed47a42512d5e4c5ba8) Importer(815301076,1909f56bfc062723c751e8b465ee728b) (PreviewImporter) -> (artifact id: 'e579748feda341e9d825b59a7a82acf1') in 0.0506966 seconds
Number of updated asset objects reloaded before import = 0Number of asset objects unloaded after import = 10

========================================================================
Received Import Request.
  Time since last request: 0.000042 seconds.
  path: Assets/3D-Models/house/Assets/Window/Prefab/Window_Square1.prefab
  artifactKey: Guid(1e4626b6661054144a5c81a280121e39) Importer(815301076,1909f56bfc062723c751e8b465ee728b)
Start importing Assets/3D-Models/house/Assets/Window/Prefab/Window_Square1.prefab using Guid(1e4626b6661054144a5c81a280121e39) Importer(815301076,1909f56bfc062723c751e8b465ee728b) (PreviewImporter) -> (artifact id: '979e12d60752725948a4df345d201ad7') in 0.0559871 seconds
Number of updated asset objects reloaded before import = 0Number of asset objects unloaded after import = 17

========================================================================
Received Import Request.
  Time since last request: 0.000056 seconds.
  path: Assets/Daniel Mistage/Stylized Fantasy Armory/Prefabs/Nature/Wooden Logs/WoodenLog.001.prefab
  artifactKey: Guid(b5e0a947c5c70484eb43f91da7ec298f) Importer(815301076,1909f56bfc062723c751e8b465ee728b)
Start importing Assets/Daniel Mistage/Stylized Fantasy Armory/Prefabs/Nature/Wooden Logs/WoodenLog.001.prefab using Guid(b5e0a947c5c70484eb43f91da7ec298f) Importer(815301076,1909f56bfc062723c751e8b465ee728b) (PreviewImporter) -> (artifact id: '237ec21183aa19237ba279dd2884b2a4') in 0.0437272 seconds
Number of updated asset objects reloaded before import = 0Number of asset objects unloaded after import = 10

========================================================================
Received Import Request.
  Time since last request: 0.000050 seconds.
  path: Assets/3D-Models/house/Assets/Modular_Big_Piece/Model/Xanochka.fbx
  artifactKey: Guid(026671c385b38a64388ce88ff1cf58b3) Importer(815301076,1909f56bfc062723c751e8b465ee728b)
Start importing Assets/3D-Models/house/Assets/Modular_Big_Piece/Model/Xanochka.fbx using Guid(026671c385b38a64388ce88ff1cf58b3) Importer(815301076,1909f56bfc062723c751e8b465ee728b) (PreviewImporter) -> (artifact id: '3a68b8db3cf85c3a717428738e659df6') in 0.1199847 seconds
Number of updated asset objects reloaded before import = 0Number of asset objects unloaded after import = 27

========================================================================
Received Import Request.
  Time since last request: 0.000044 seconds.
  path: Assets/3D-Models/house/Assets/Wood/Prefab/Wood_2.001.prefab
  artifactKey: Guid(eee678a6ebcff5f4dbdee58513cc4abc) Importer(815301076,1909f56bfc062723c751e8b465ee728b)
Start importing Assets/3D-Models/house/Assets/Wood/Prefab/Wood_2.001.prefab using Guid(eee678a6ebcff5f4dbdee58513cc4abc) Importer(815301076,1909f56bfc062723c751e8b465ee728b) (PreviewImporter) -> (artifact id: 'afb4f2030413213fc01230aa23cc4a67') in 0.0504394 seconds
Number of updated asset objects reloaded before import = 0Number of asset objects unloaded after import = 12

========================================================================
Received Import Request.
  Time since last request: 0.000055 seconds.
  path: Assets/Daniel Mistage/Stylized Fantasy Armory/Prefabs/Nature/Wooden Logs/WoodenLog.002.prefab
  artifactKey: Guid(cce8e5d650e3389489b58dc8154b6402) Importer(815301076,1909f56bfc062723c751e8b465ee728b)
Start importing Assets/Daniel Mistage/Stylized Fantasy Armory/Prefabs/Nature/Wooden Logs/WoodenLog.002.prefab using Guid(cce8e5d650e3389489b58dc8154b6402) Importer(815301076,1909f56bfc062723c751e8b465ee728b) (PreviewImporter) -> (artifact id: 'b9cdf506af963e1c47e1f32cdf902e3e') in 0.0475991 seconds
Number of updated asset objects reloaded before import = 0Number of asset objects unloaded after import = 10

========================================================================
Received Import Request.
  Time since last request: 0.000034 seconds.
  path: Assets/Daniel Mistage/Stylized Fantasy Armory/FBX/WoodenShield.005.fbx
  artifactKey: Guid(e870534210f94b449b7298f54eb0476d) Importer(815301076,1909f56bfc062723c751e8b465ee728b)
Start importing Assets/Daniel Mistage/Stylized Fantasy Armory/FBX/WoodenShield.005.fbx using Guid(e870534210f94b449b7298f54eb0476d) Importer(815301076,1909f56bfc062723c751e8b465ee728b) (PreviewImporter) -> (artifact id: '5f3dbe0dfc40b760eac1b0894e05ee51') in 0.0635457 seconds
Number of updated asset objects reloaded before import = 0Number of asset objects unloaded after import = 9

========================================================================
Received Import Request.
  Time since last request: 0.262275 seconds.
  path: Assets/3D-Models/house/Assets/ModularPiece/Prefab/Wall_15.prefab
  artifactKey: Guid(d3de35520850a87468ca358f4c65357c) Importer(815301076,1909f56bfc062723c751e8b465ee728b)
Start importing Assets/3D-Models/house/Assets/ModularPiece/Prefab/Wall_15.prefab using Guid(d3de35520850a87468ca358f4c65357c) Importer(815301076,1909f56bfc062723c751e8b465ee728b) (PreviewImporter) -> (artifact id: '1dc1ef5a4e3b3be5637693b1e264f5d4') in 0.0348834 seconds
Number of updated asset objects reloaded before import = 0Number of asset objects unloaded after import = 12

========================================================================
Received Import Request.
  Time since last request: 0.000036 seconds.
  path: Assets/3D-Models/house/Assets/ModularPiece/Prefab/Wall_20.prefab
  artifactKey: Guid(1546a95a782668640afff9151fa7db7d) Importer(815301076,1909f56bfc062723c751e8b465ee728b)
Start importing Assets/3D-Models/house/Assets/ModularPiece/Prefab/Wall_20.prefab using Guid(1546a95a782668640afff9151fa7db7d) Importer(815301076,1909f56bfc062723c751e8b465ee728b) (PreviewImporter) -> (artifact id: 'd9089bc414deac6848294bd98d5b9d9d') in 0.0714838 seconds
Number of updated asset objects reloaded before import = 0Number of asset objects unloaded after import = 12

========================================================================
Received Import Request.
  Time since last request: 0.000045 seconds.
  path: Assets/3D-Models/house/Assets/ModularPiece/Model/Wall_Doorway.fbx
  artifactKey: Guid(9c37d1ef4b2b8a74482e6144978e2ab4) Importer(815301076,1909f56bfc062723c751e8b465ee728b)
Start importing Assets/3D-Models/house/Assets/ModularPiece/Model/Wall_Doorway.fbx using Guid(9c37d1ef4b2b8a74482e6144978e2ab4) Importer(815301076,1909f56bfc062723c751e8b465ee728b) (PreviewImporter) -> (artifact id: '4928584a3688a62e93e5c55c42326ca6') in 0.1578709 seconds
Number of updated asset objects reloaded before import = 0Number of asset objects unloaded after import = 18

========================================================================
Received Import Request.
  Time since last request: 0.000082 seconds.
  path: Assets/3D-Models/house/Assets/ModularPiece/Prefab/Wall_5.prefab
  artifactKey: Guid(be69c41c7aaa30240b9b4d076ae430f5) Importer(815301076,1909f56bfc062723c751e8b465ee728b)
Start importing Assets/3D-Models/house/Assets/ModularPiece/Prefab/Wall_5.prefab using Guid(be69c41c7aaa30240b9b4d076ae430f5) Importer(815301076,1909f56bfc062723c751e8b465ee728b) (PreviewImporter) -> (artifact id: '686ded2d343d99c0d58d2bee12709953') in 0.0396536 seconds
Number of updated asset objects reloaded before import = 0Number of asset objects unloaded after import = 12

========================================================================
Received Import Request.
  Time since last request: 0.000045 seconds.
  path: Assets/3D-Models/house/Assets/ModularPiece/Prefab/Wall_5_Half.001.prefab
  artifactKey: Guid(76e4fd4e693b32342acdd27b5df2c64c) Importer(815301076,1909f56bfc062723c751e8b465ee728b)
Start importing Assets/3D-Models/house/Assets/ModularPiece/Prefab/Wall_5_Half.001.prefab using Guid(76e4fd4e693b32342acdd27b5df2c64c) Importer(815301076,1909f56bfc062723c751e8b465ee728b) (PreviewImporter) -> (artifact id: '6dc23ba6b00b8e40ec0846437711f06c') in 0.1051597 seconds
Number of updated asset objects reloaded before import = 0Number of asset objects unloaded after import = 12

========================================================================
Received Import Request.
  Time since last request: 0.000041 seconds.
  path: Assets/Daniel Mistage/Stylized Fantasy Armory/FBX/WagonBackpack.002.fbx
  artifactKey: Guid(2cf00551aae3c764d896c279e1851332) Importer(815301076,1909f56bfc062723c751e8b465ee728b)
Start importing Assets/Daniel Mistage/Stylized Fantasy Armory/FBX/WagonBackpack.002.fbx using Guid(2cf00551aae3c764d896c279e1851332) Importer(815301076,1909f56bfc062723c751e8b465ee728b) (PreviewImporter) -> (artifact id: '832959707716ce4f6cea09274dce29b8') in 0.0455912 seconds
Number of updated asset objects reloaded before import = 0Number of asset objects unloaded after import = 9

========================================================================
Received Import Request.
  Time since last request: 0.000047 seconds.
  path: Assets/Daniel Mistage/Stylized Fantasy Armory/Prefabs/Combinations/Wagon.003.prefab
  artifactKey: Guid(2af38c48c074460478a0bc224a963e66) Importer(815301076,1909f56bfc062723c751e8b465ee728b)
Start importing Assets/Daniel Mistage/Stylized Fantasy Armory/Prefabs/Combinations/Wagon.003.prefab using Guid(2af38c48c074460478a0bc224a963e66) Importer(815301076,1909f56bfc062723c751e8b465ee728b) (PreviewImporter) -> (artifact id: '9bed564610a670fef549b68a2b9be5fc') in 0.0923348 seconds
Number of updated asset objects reloaded before import = 0Number of asset objects unloaded after import = 391

========================================================================
Received Import Request.
  Time since last request: 0.000084 seconds.
  path: Assets/Daniel Mistage/Stylized Fantasy Armory/Prefabs/Wagon/Wagon Parts/WagonBackpack.001.prefab
  artifactKey: Guid(a824068d2700e90498df94dc03b796ca) Importer(815301076,1909f56bfc062723c751e8b465ee728b)
Start importing Assets/Daniel Mistage/Stylized Fantasy Armory/Prefabs/Wagon/Wagon Parts/WagonBackpack.001.prefab using Guid(a824068d2700e90498df94dc03b796ca) Importer(815301076,1909f56bfc062723c751e8b465ee728b) (PreviewImporter) -> (artifact id: '49d1d6668a14a3a09e66b88244ccb838') in 0.0431789 seconds
Number of updated asset objects reloaded before import = 0Number of asset objects unloaded after import = 10

========================================================================
Received Import Request.
  Time since last request: 0.000056 seconds.
  path: Assets/Daniel Mistage/Stylized Fantasy Armory/FBX/WagonWheel.fbx
  artifactKey: Guid(d53cc140e0e4941469ef671223892754) Importer(815301076,1909f56bfc062723c751e8b465ee728b)
Start importing Assets/Daniel Mistage/Stylized Fantasy Armory/FBX/WagonWheel.fbx using Guid(d53cc140e0e4941469ef671223892754) Importer(815301076,1909f56bfc062723c751e8b465ee728b) (PreviewImporter) -> (artifact id: 'c1232cc142a0b3c2e33153329ed72751') in 0.1123878 seconds
Number of updated asset objects reloaded before import = 0Number of asset objects unloaded after import = 9

========================================================================
Received Import Request.
  Time since last request: 0.000093 seconds.
  path: Assets/Daniel Mistage/Stylized Fantasy Armory/Prefabs/Wagon/Wagon Parts/WagonProp.prefab
  artifactKey: Guid(9924e7d3fef4b754eae91575b112bb8d) Importer(815301076,1909f56bfc062723c751e8b465ee728b)
Start importing Assets/Daniel Mistage/Stylized Fantasy Armory/Prefabs/Wagon/Wagon Parts/WagonProp.prefab using Guid(9924e7d3fef4b754eae91575b112bb8d) Importer(815301076,1909f56bfc062723c751e8b465ee728b) (PreviewImporter) -> (artifact id: '941771ea0597e9fd900da58cea8fe53b') in 0.0712458 seconds
Number of updated asset objects reloaded before import = 0Number of asset objects unloaded after import = 10

========================================================================
Received Import Request.
  Time since last request: 0.000046 seconds.
  path: Assets/Daniel Mistage/Stylized Fantasy Armory/Prefabs/Wagon/Wagon.003.prefab
  artifactKey: Guid(1bbe414472829e8458b699180a2a75e7) Importer(815301076,1909f56bfc062723c751e8b465ee728b)
Start importing Assets/Daniel Mistage/Stylized Fantasy Armory/Prefabs/Wagon/Wagon.003.prefab using Guid(1bbe414472829e8458b699180a2a75e7) Importer(815301076,1909f56bfc062723c751e8b465ee728b) (PreviewImporter) -> (artifact id: '77e1a5f284dd019d63e0937880b02890') in 0.0515817 seconds
Number of updated asset objects reloaded before import = 0Number of asset objects unloaded after import = 112

========================================================================
Received Import Request.
  Time since last request: 0.000064 seconds.
  path: Assets/Daniel Mistage/Stylized Fantasy Armory/Prefabs/Wagon/Wagon.002.prefab
  artifactKey: Guid(c16eba25a7708714980b6a1322a64db1) Importer(815301076,1909f56bfc062723c751e8b465ee728b)
Start importing Assets/Daniel Mistage/Stylized Fantasy Armory/Prefabs/Wagon/Wagon.002.prefab using Guid(c16eba25a7708714980b6a1322a64db1) Importer(815301076,1909f56bfc062723c751e8b465ee728b) (PreviewImporter) -> (artifact id: '2a0a3c9b635aac911b9193cb36dbfeaf') in 0.0308655 seconds
Number of updated asset objects reloaded before import = 0Number of asset objects unloaded after import = 112

========================================================================
Received Import Request.
  Time since last request: 11.448285 seconds.
  path: Assets/Daniel Mistage/Stylized Fantasy Armory/Prefabs/Decorative Props/Vases/Vase.024.prefab
  artifactKey: Guid(9d8738a60807bca4ebd70354ef6a48ef) Importer(815301076,1909f56bfc062723c751e8b465ee728b)
Start importing Assets/Daniel Mistage/Stylized Fantasy Armory/Prefabs/Decorative Props/Vases/Vase.024.prefab using Guid(9d8738a60807bca4ebd70354ef6a48ef) Importer(815301076,1909f56bfc062723c751e8b465ee728b) (PreviewImporter) -> (artifact id: '86f09c932bf8940b69adc28d02118477') in 0.0362288 seconds
Number of updated asset objects reloaded before import = 0Number of asset objects unloaded after import = 10

========================================================================
Received Import Request.
  Time since last request: 0.279121 seconds.
  path: Assets/Daniel Mistage/Stylized Fantasy Armory/Prefabs/Decorative Props/Vases/Vase.021.prefab
  artifactKey: Guid(272225d63d6a6a34ca05cccd4249adba) Importer(815301076,1909f56bfc062723c751e8b465ee728b)
Start importing Assets/Daniel Mistage/Stylized Fantasy Armory/Prefabs/Decorative Props/Vases/Vase.021.prefab using Guid(272225d63d6a6a34ca05cccd4249adba) Importer(815301076,1909f56bfc062723c751e8b465ee728b) (PreviewImporter) -> (artifact id: '7dcf968ec082da3639006e0388a2881c') in 0.0363435 seconds
Number of updated asset objects reloaded before import = 0Number of asset objects unloaded after import = 10

========================================================================
Received Import Request.
  Time since last request: 0.000038 seconds.
  path: Assets/Daniel Mistage/Stylized Fantasy Armory/FBX/Vase.023.fbx
  artifactKey: Guid(050d43a71a7c2224e9e68aa57c1a07ec) Importer(815301076,1909f56bfc062723c751e8b465ee728b)
Start importing Assets/Daniel Mistage/Stylized Fantasy Armory/FBX/Vase.023.fbx using Guid(050d43a71a7c2224e9e68aa57c1a07ec) Importer(815301076,1909f56bfc062723c751e8b465ee728b) (PreviewImporter) -> (artifact id: '7a393e091b20a597ece009fb2b3a8463') in 0.0592224 seconds
Number of updated asset objects reloaded before import = 0Number of asset objects unloaded after import = 9

========================================================================
Received Import Request.
  Time since last request: 0.251652 seconds.
  path: Assets/Daniel Mistage/Stylized Fantasy Armory/Prefabs/Decorative Props/Vases/Vase.018.prefab
  artifactKey: Guid(db728a02557571e499606184c29ddae9) Importer(815301076,1909f56bfc062723c751e8b465ee728b)
Start importing Assets/Daniel Mistage/Stylized Fantasy Armory/Prefabs/Decorative Props/Vases/Vase.018.prefab using Guid(db728a02557571e499606184c29ddae9) Importer(815301076,1909f56bfc062723c751e8b465ee728b) (PreviewImporter) -> (artifact id: '3e6c6ed9931bf3753c4da6c9357e198a') in 0.0346566 seconds
Number of updated asset objects reloaded before import = 0Number of asset objects unloaded after import = 10

========================================================================
Received Import Request.
  Time since last request: 0.000038 seconds.
  path: Assets/Daniel Mistage/Stylized Fantasy Armory/Prefabs/Decorative Props/Vases/Vase.019.prefab
  artifactKey: Guid(bfca7b4b3c1ddc446af547fef7aca413) Importer(815301076,1909f56bfc062723c751e8b465ee728b)
Start importing Assets/Daniel Mistage/Stylized Fantasy Armory/Prefabs/Decorative Props/Vases/Vase.019.prefab using Guid(bfca7b4b3c1ddc446af547fef7aca413) Importer(815301076,1909f56bfc062723c751e8b465ee728b) (PreviewImporter) -> (artifact id: '940155aec94fc2d808f1cd6a49a691d1') in 0.0594626 seconds
Number of updated asset objects reloaded before import = 0Number of asset objects unloaded after import = 10

========================================================================
Received Import Request.
  Time since last request: 0.000056 seconds.
  path: Assets/Daniel Mistage/Stylized Fantasy Armory/Prefabs/Decorative Props/Vases/Vase.015.prefab
  artifactKey: Guid(a6becfce4ef909b4590b6b72c46b5ee0) Importer(815301076,1909f56bfc062723c751e8b465ee728b)
Start importing Assets/Daniel Mistage/Stylized Fantasy Armory/Prefabs/Decorative Props/Vases/Vase.015.prefab using Guid(a6becfce4ef909b4590b6b72c46b5ee0) Importer(815301076,1909f56bfc062723c751e8b465ee728b) (PreviewImporter) -> (artifact id: '98a99882380ce152c7f02d237c9917df') in 0.0614012 seconds
Number of updated asset objects reloaded before import = 0Number of asset objects unloaded after import = 10

========================================================================
Received Import Request.
  Time since last request: 0.000052 seconds.
  path: Assets/Daniel Mistage/Stylized Fantasy Armory/Prefabs/Decorative Props/Vases/Vase.016.prefab
  artifactKey: Guid(6349c7fc2fa7da540b954a895162be0a) Importer(815301076,1909f56bfc062723c751e8b465ee728b)
Start importing Assets/Daniel Mistage/Stylized Fantasy Armory/Prefabs/Decorative Props/Vases/Vase.016.prefab using Guid(6349c7fc2fa7da540b954a895162be0a) Importer(815301076,1909f56bfc062723c751e8b465ee728b) (PreviewImporter) -> (artifact id: '3155a757f92654ad922e9097eab6d955') in 0.0478743 seconds
Number of updated asset objects reloaded before import = 0Number of asset objects unloaded after import = 10

========================================================================
Received Import Request.
  Time since last request: 0.089155 seconds.
  path: Assets/Daniel Mistage/Stylized Fantasy Armory/FBX/Vase.012.fbx
  artifactKey: Guid(374a460e0c69b6c479a781acaf502485) Importer(815301076,1909f56bfc062723c751e8b465ee728b)
Start importing Assets/Daniel Mistage/Stylized Fantasy Armory/FBX/Vase.012.fbx using Guid(374a460e0c69b6c479a781acaf502485) Importer(815301076,1909f56bfc062723c751e8b465ee728b) (PreviewImporter) -> (artifact id: '876c78df7120c76b8b137b7cc7979f6d') in 0.0758019 seconds
Number of updated asset objects reloaded before import = 0Number of asset objects unloaded after import = 9

========================================================================
Received Import Request.
  Time since last request: 0.598357 seconds.
  path: Assets/Daniel Mistage/Stylized Fantasy Armory/FBX/Vase.009.fbx
  artifactKey: Guid(f73ad1de7fc2bf04e97abdb601fe6aec) Importer(815301076,1909f56bfc062723c751e8b465ee728b)
Start importing Assets/Daniel Mistage/Stylized Fantasy Armory/FBX/Vase.009.fbx using Guid(f73ad1de7fc2bf04e97abdb601fe6aec) Importer(815301076,1909f56bfc062723c751e8b465ee728b) (PreviewImporter) -> (artifact id: '33700f3ac7ddfdef0f7324a809adf060') in 0.0480212 seconds
Number of updated asset objects reloaded before import = 0Number of asset objects unloaded after import = 9

========================================================================
Received Import Request.
  Time since last request: 0.000034 seconds.
  path: Assets/Daniel Mistage/Stylized Fantasy Armory/Prefabs/Decorative Props/Vases/Vase.011.prefab
  artifactKey: Guid(9ae2f5e4871224548a1fed4126dd4d68) Importer(815301076,1909f56bfc062723c751e8b465ee728b)
Start importing Assets/Daniel Mistage/Stylized Fantasy Armory/Prefabs/Decorative Props/Vases/Vase.011.prefab using Guid(9ae2f5e4871224548a1fed4126dd4d68) Importer(815301076,1909f56bfc062723c751e8b465ee728b) (PreviewImporter) -> (artifact id: '72d0d78dc14af2009be4ad9721b1e706') in 0.0356714 seconds
Number of updated asset objects reloaded before import = 0Number of asset objects unloaded after import = 10

========================================================================
Received Import Request.
  Time since last request: 0.191075 seconds.
  path: Assets/Daniel Mistage/Stylized Fantasy Armory/FBX/Vase.006.fbx
  artifactKey: Guid(e0edb72f0080a1d45a106d7a906a3348) Importer(815301076,1909f56bfc062723c751e8b465ee728b)
Start importing Assets/Daniel Mistage/Stylized Fantasy Armory/FBX/Vase.006.fbx using Guid(e0edb72f0080a1d45a106d7a906a3348) Importer(815301076,1909f56bfc062723c751e8b465ee728b) (PreviewImporter) -> (artifact id: '8afc1f97acb0e55cbaf04cbc17d3adbf') in 0.0439542 seconds
Number of updated asset objects reloaded before import = 0Number of asset objects unloaded after import = 9

========================================================================
Received Import Request.
  Time since last request: 0.000036 seconds.
  path: Assets/Daniel Mistage/Stylized Fantasy Armory/Prefabs/Decorative Props/Vases/Vase.008.prefab
  artifactKey: Guid(cbc74cec849517148b1b0ae6e644f756) Importer(815301076,1909f56bfc062723c751e8b465ee728b)
Start importing Assets/Daniel Mistage/Stylized Fantasy Armory/Prefabs/Decorative Props/Vases/Vase.008.prefab using Guid(cbc74cec849517148b1b0ae6e644f756) Importer(815301076,1909f56bfc062723c751e8b465ee728b) (PreviewImporter) -> (artifact id: 'db9657dfa8b82687b191072dc1abe0a4') in 0.0338886 seconds
Number of updated asset objects reloaded before import = 0Number of asset objects unloaded after import = 10

========================================================================
Received Import Request.
  Time since last request: 0.000049 seconds.
  path: Assets/Daniel Mistage/Stylized Fantasy Armory/FBX/Vase.003.fbx
  artifactKey: Guid(68d2590097c20b4438ea209f3f97690a) Importer(815301076,1909f56bfc062723c751e8b465ee728b)
Start importing Assets/Daniel Mistage/Stylized Fantasy Armory/FBX/Vase.003.fbx using Guid(68d2590097c20b4438ea209f3f97690a) Importer(815301076,1909f56bfc062723c751e8b465ee728b) (PreviewImporter) -> (artifact id: '4207c2213fd841f283b1a2c38884cd97') in 0.0865346 seconds
Number of updated asset objects reloaded before import = 0Number of asset objects unloaded after import = 9

========================================================================
Received Import Request.
  Time since last request: 0.202113 seconds.
  path: Assets/Daniel Mistage/Stylized Fantasy Armory/Prefabs/Decorative Props/Vases/Vase.001.prefab
  artifactKey: Guid(1f26139e5b5787f4cbed4a491f482c23) Importer(815301076,1909f56bfc062723c751e8b465ee728b)
Start importing Assets/Daniel Mistage/Stylized Fantasy Armory/Prefabs/Decorative Props/Vases/Vase.001.prefab using Guid(1f26139e5b5787f4cbed4a491f482c23) Importer(815301076,1909f56bfc062723c751e8b465ee728b) (PreviewImporter) -> (artifact id: '6632171cd48c7064e2fcef1c14d756b9') in 0.0461149 seconds
Number of updated asset objects reloaded before import = 0Number of asset objects unloaded after import = 10

========================================================================
Received Import Request.
  Time since last request: 1.052240 seconds.
  path: Assets/Daniel Mistage/Stylized Fantasy Armory/FBX/Torch.fbx
  artifactKey: Guid(ff3df089729c57c478be96ab55d3623f) Importer(815301076,1909f56bfc062723c751e8b465ee728b)
Start importing Assets/Daniel Mistage/Stylized Fantasy Armory/FBX/Torch.fbx using Guid(ff3df089729c57c478be96ab55d3623f) Importer(815301076,1909f56bfc062723c751e8b465ee728b) (PreviewImporter) -> (artifact id: '01b2b1d6f4202af202938d491d73a396') in 0.0688275 seconds
Number of updated asset objects reloaded before import = 0Number of asset objects unloaded after import = 9

========================================================================
Received Prepare
Begin MonoManager ReloadAssembly
- Loaded All Assemblies, in  7.605 seconds
Refreshing native plugins compatible for Editor in 8.74 ms, found 7 plugins.
Native extension for iOS target not found
Native extension for Android target not found
Native extension for WindowsStandalone target not found
Native extension for WebGL target not found
Mono: successfully reloaded assembly
- Finished resetting the current domain, in  3.040 seconds
Domain Reload Profiling: 10647ms
	BeginReloadAssembly (616ms)
		ExecutionOrderSort (0ms)
		DisableScriptedObjects (25ms)
		BackupInstance (0ms)
		ReleaseScriptingObjects (0ms)
		CreateAndSetChildDomain (83ms)
	RebuildCommonClasses (48ms)
	RebuildNativeTypeToScriptingClass (16ms)
	initialDomainReloadingComplete (43ms)
	LoadAllAssembliesAndSetupDomain (6884ms)
		LoadAssemblies (6633ms)
		RebuildTransferFunctionScriptingTraits (0ms)
		AnalyzeDomain (703ms)
			TypeCache.Refresh (17ms)
				TypeCache.ScanAssembly (0ms)
			BuildScriptInfoCaches (630ms)
			ResolveRequiredComponents (42ms)
	FinalizeReload (3041ms)
		ReleaseScriptCaches (0ms)
		RebuildScriptCaches (0ms)
		SetupLoadedEditorAssemblies (1885ms)
			LogAssemblyErrors (0ms)
			InitializePlatformSupportModulesInManaged (64ms)
			SetLoadedEditorAssemblies (12ms)
			BeforeProcessingInitializeOnLoad (407ms)
			ProcessInitializeOnLoadAttributes (1191ms)
			ProcessInitializeOnLoadMethodAttributes (184ms)
			AfterProcessingInitializeOnLoad (25ms)
			EditorAssembliesLoaded (1ms)
		ExecutionOrderSort2 (0ms)
		AwakeInstancesAfterBackupRestoration (41ms)
Refreshing native plugins compatible for Editor in 11.00 ms, found 7 plugins.
Preloading 0 native plugins for Editor in 0.00 ms.
Unloading 25 Unused Serialized files (Serialized files now loaded: 0)
Unloading 7181 unused Assets / (5.6 MB). Loaded Objects now: 7953.
Memory consumption went from 176.6 MB to 171.0 MB.
Total: 29.691300 ms (FindLiveObjects: 2.883500 ms CreateObjectMapping: 2.629000 ms MarkObjects: 16.997500 ms  DeleteObjects: 7.177100 ms)

Prepare: number of updated asset objects reloaded= 0
========================================================================
Received Prepare
Begin MonoManager ReloadAssembly
- Loaded All Assemblies, in  1.133 seconds
Refreshing native plugins compatible for Editor in 4.07 ms, found 7 plugins.
Native extension for iOS target not found
Native extension for Android target not found
Native extension for WindowsStandalone target not found
Native extension for WebGL target not found
Mono: successfully reloaded assembly
- Finished resetting the current domain, in  1.097 seconds
Domain Reload Profiling: 2227ms
	BeginReloadAssembly (278ms)
		ExecutionOrderSort (0ms)
		DisableScriptedObjects (7ms)
		BackupInstance (0ms)
		ReleaseScriptingObjects (0ms)
		CreateAndSetChildDomain (64ms)
	RebuildCommonClasses (50ms)
	RebuildNativeTypeToScriptingClass (22ms)
	initialDomainReloadingComplete (45ms)
	LoadAllAssembliesAndSetupDomain (734ms)
		LoadAssemblies (575ms)
		RebuildTransferFunctionScriptingTraits (0ms)
		AnalyzeDomain (314ms)
			TypeCache.Refresh (9ms)
				TypeCache.ScanAssembly (0ms)
			BuildScriptInfoCaches (283ms)
			ResolveRequiredComponents (17ms)
	FinalizeReload (1098ms)
		ReleaseScriptCaches (0ms)
		RebuildScriptCaches (0ms)
		SetupLoadedEditorAssemblies (816ms)
			LogAssemblyErrors (0ms)
			InitializePlatformSupportModulesInManaged (23ms)
			SetLoadedEditorAssemblies (5ms)
			BeforeProcessingInitializeOnLoad (172ms)
			ProcessInitializeOnLoadAttributes (532ms)
			ProcessInitializeOnLoadMethodAttributes (76ms)
			AfterProcessingInitializeOnLoad (7ms)
			EditorAssembliesLoaded (0ms)
		ExecutionOrderSort2 (0ms)
		AwakeInstancesAfterBackupRestoration (14ms)
Refreshing native plugins compatible for Editor in 4.98 ms, found 7 plugins.
Preloading 0 native plugins for Editor in 0.00 ms.
Unloading 15 Unused Serialized files (Serialized files now loaded: 0)
Unloading 7180 unused Assets / (6.0 MB). Loaded Objects now: 7955.
Memory consumption went from 174.7 MB to 168.7 MB.
Total: 13.665100 ms (FindLiveObjects: 1.184900 ms CreateObjectMapping: 0.845100 ms MarkObjects: 6.365300 ms  DeleteObjects: 5.267200 ms)

Prepare: number of updated asset objects reloaded= 0
========================================================================
Received Prepare
Begin MonoManager ReloadAssembly
- Loaded All Assemblies, in  1.224 seconds
Refreshing native plugins compatible for Editor in 4.00 ms, found 7 plugins.
Native extension for iOS target not found
Native extension for Android target not found
Native extension for WindowsStandalone target not found
Native extension for WebGL target not found
Mono: successfully reloaded assembly
- Finished resetting the current domain, in  1.004 seconds
Domain Reload Profiling: 2225ms
	BeginReloadAssembly (240ms)
		ExecutionOrderSort (0ms)
		DisableScriptedObjects (7ms)
		BackupInstance (0ms)
		ReleaseScriptingObjects (0ms)
		CreateAndSetChildDomain (62ms)
	RebuildCommonClasses (43ms)
	RebuildNativeTypeToScriptingClass (15ms)
	initialDomainReloadingComplete (39ms)
	LoadAllAssembliesAndSetupDomain (883ms)
		LoadAssemblies (717ms)
		RebuildTransferFunctionScriptingTraits (0ms)
		AnalyzeDomain (288ms)
			TypeCache.Refresh (9ms)
				TypeCache.ScanAssembly (0ms)
			BuildScriptInfoCaches (260ms)
			ResolveRequiredComponents (14ms)
	FinalizeReload (1005ms)
		ReleaseScriptCaches (0ms)
		RebuildScriptCaches (0ms)
		SetupLoadedEditorAssemblies (724ms)
			LogAssemblyErrors (0ms)
			InitializePlatformSupportModulesInManaged (24ms)
			SetLoadedEditorAssemblies (6ms)
			BeforeProcessingInitializeOnLoad (167ms)
			ProcessInitializeOnLoadAttributes (439ms)
			ProcessInitializeOnLoadMethodAttributes (79ms)
			AfterProcessingInitializeOnLoad (8ms)
			EditorAssembliesLoaded (1ms)
		ExecutionOrderSort2 (0ms)
		AwakeInstancesAfterBackupRestoration (17ms)
Refreshing native plugins compatible for Editor in 9.38 ms, found 7 plugins.
Preloading 0 native plugins for Editor in 0.00 ms.
Unloading 15 Unused Serialized files (Serialized files now loaded: 0)
Unloading 7180 unused Assets / (6.1 MB). Loaded Objects now: 7957.
Memory consumption went from 174.7 MB to 168.6 MB.
Total: 24.881800 ms (FindLiveObjects: 2.169700 ms CreateObjectMapping: 2.080600 ms MarkObjects: 12.567400 ms  DeleteObjects: 8.060600 ms)

Prepare: number of updated asset objects reloaded= 0
========================================================================
Received Prepare
Begin MonoManager ReloadAssembly
- Loaded All Assemblies, in  1.118 seconds
Refreshing native plugins compatible for Editor in 4.62 ms, found 7 plugins.
Native extension for iOS target not found
Native extension for Android target not found
Native extension for WindowsStandalone target not found
Native extension for WebGL target not found
Mono: successfully reloaded assembly
- Finished resetting the current domain, in  1.114 seconds
Domain Reload Profiling: 2231ms
	BeginReloadAssembly (241ms)
		ExecutionOrderSort (0ms)
		DisableScriptedObjects (7ms)
		BackupInstance (0ms)
		ReleaseScriptingObjects (0ms)
		CreateAndSetChildDomain (65ms)
	RebuildCommonClasses (46ms)
	RebuildNativeTypeToScriptingClass (17ms)
	initialDomainReloadingComplete (49ms)
	LoadAllAssembliesAndSetupDomain (763ms)
		LoadAssemblies (560ms)
		RebuildTransferFunctionScriptingTraits (0ms)
		AnalyzeDomain (320ms)
			TypeCache.Refresh (9ms)
				TypeCache.ScanAssembly (0ms)
			BuildScriptInfoCaches (286ms)
			ResolveRequiredComponents (19ms)
	FinalizeReload (1115ms)
		ReleaseScriptCaches (0ms)
		RebuildScriptCaches (0ms)
		SetupLoadedEditorAssemblies (836ms)
			LogAssemblyErrors (0ms)
			InitializePlatformSupportModulesInManaged (25ms)
			SetLoadedEditorAssemblies (5ms)
			BeforeProcessingInitializeOnLoad (157ms)
			ProcessInitializeOnLoadAttributes (535ms)
			ProcessInitializeOnLoadMethodAttributes (103ms)
			AfterProcessingInitializeOnLoad (13ms)
			EditorAssembliesLoaded (1ms)
		ExecutionOrderSort2 (0ms)
		AwakeInstancesAfterBackupRestoration (23ms)
Refreshing native plugins compatible for Editor in 3.38 ms, found 7 plugins.
Preloading 0 native plugins for Editor in 0.00 ms.
Unloading 15 Unused Serialized files (Serialized files now loaded: 0)
Unloading 7180 unused Assets / (4.6 MB). Loaded Objects now: 7959.
Memory consumption went from 174.7 MB to 170.1 MB.
Total: 14.520000 ms (FindLiveObjects: 1.173400 ms CreateObjectMapping: 1.453900 ms MarkObjects: 7.456200 ms  DeleteObjects: 4.434400 ms)

Prepare: number of updated asset objects reloaded= 0
========================================================================
Received Import Request.
  Time since last request: 16154.133126 seconds.
  path: Assets/Scene/Mission-2/NavMesh-NavMesh Surface.asset
  artifactKey: Guid(f5300dcde41ecca46adf3ab61883f0c3) Importer(815301076,1909f56bfc062723c751e8b465ee728b)
Start importing Assets/Scene/Mission-2/NavMesh-NavMesh Surface.asset using Guid(f5300dcde41ecca46adf3ab61883f0c3) Importer(815301076,1909f56bfc062723c751e8b465ee728b) (PreviewImporter) -> (artifact id: 'e124b64de95eac192fc320e89b62dc3a') in 0.6845007 seconds
Number of updated asset objects reloaded before import = 0Number of asset objects unloaded after import = 1

========================================================================
Received Prepare
Begin MonoManager ReloadAssembly
- Loaded All Assemblies, in  5.046 seconds
Refreshing native plugins compatible for Editor in 7.86 ms, found 7 plugins.
Native extension for iOS target not found
Native extension for Android target not found
Native extension for WindowsStandalone target not found
Native extension for WebGL target not found
Mono: successfully reloaded assembly
- Finished resetting the current domain, in  1.747 seconds
Domain Reload Profiling: 6776ms
	BeginReloadAssembly (2048ms)
		ExecutionOrderSort (0ms)
		DisableScriptedObjects (192ms)
		BackupInstance (0ms)
		ReleaseScriptingObjects (4ms)
		CreateAndSetChildDomain (813ms)
	RebuildCommonClasses (95ms)
	RebuildNativeTypeToScriptingClass (24ms)
	initialDomainReloadingComplete (124ms)
	LoadAllAssembliesAndSetupDomain (2736ms)
		LoadAssemblies (2449ms)
		RebuildTransferFunctionScriptingTraits (0ms)
		AnalyzeDomain (878ms)
			TypeCache.Refresh (53ms)
				TypeCache.ScanAssembly (0ms)
			BuildScriptInfoCaches (767ms)
			ResolveRequiredComponents (36ms)
	FinalizeReload (1749ms)
		ReleaseScriptCaches (0ms)
		RebuildScriptCaches (0ms)
		SetupLoadedEditorAssemblies (1240ms)
			LogAssemblyErrors (0ms)
			InitializePlatformSupportModulesInManaged (42ms)
			SetLoadedEditorAssemblies (9ms)
			BeforeProcessingInitializeOnLoad (250ms)
			ProcessInitializeOnLoadAttributes (816ms)
			ProcessInitializeOnLoadMethodAttributes (113ms)
			AfterProcessingInitializeOnLoad (10ms)
			EditorAssembliesLoaded (1ms)
		ExecutionOrderSort2 (0ms)
		AwakeInstancesAfterBackupRestoration (23ms)
Refreshing native plugins compatible for Editor in 6.43 ms, found 7 plugins.
Preloading 0 native plugins for Editor in 0.00 ms.
Unloading 15 Unused Serialized files (Serialized files now loaded: 0)
Unloading 7180 unused Assets / (6.0 MB). Loaded Objects now: 7961.
Memory consumption went from 174.7 MB to 168.7 MB.
Total: 21.157800 ms (FindLiveObjects: 1.377800 ms CreateObjectMapping: 1.652200 ms MarkObjects: 10.561900 ms  DeleteObjects: 7.563100 ms)

Prepare: number of updated asset objects reloaded= 0
========================================================================
Received Prepare
Begin MonoManager ReloadAssembly
- Loaded All Assemblies, in  2.298 seconds
Refreshing native plugins compatible for Editor in 12.20 ms, found 7 plugins.
Native extension for iOS target not found
Native extension for Android target not found
Native extension for WindowsStandalone target not found
Native extension for WebGL target not found
Mono: successfully reloaded assembly
- Finished resetting the current domain, in  2.204 seconds
Domain Reload Profiling: 4507ms
	BeginReloadAssembly (822ms)
		ExecutionOrderSort (0ms)
		DisableScriptedObjects (77ms)
		BackupInstance (0ms)
		ReleaseScriptingObjects (1ms)
		CreateAndSetChildDomain (285ms)
	RebuildCommonClasses (69ms)
	RebuildNativeTypeToScriptingClass (18ms)
	initialDomainReloadingComplete (54ms)
	LoadAllAssembliesAndSetupDomain (1338ms)
		LoadAssemblies (1086ms)
		RebuildTransferFunctionScriptingTraits (0ms)
		AnalyzeDomain (515ms)
			TypeCache.Refresh (16ms)
				TypeCache.ScanAssembly (0ms)
			BuildScriptInfoCaches (443ms)
			ResolveRequiredComponents (38ms)
	FinalizeReload (2205ms)
		ReleaseScriptCaches (0ms)
		RebuildScriptCaches (0ms)
		SetupLoadedEditorAssemblies (1444ms)
			LogAssemblyErrors (0ms)
			InitializePlatformSupportModulesInManaged (32ms)
			SetLoadedEditorAssemblies (14ms)
			BeforeProcessingInitializeOnLoad (347ms)
			ProcessInitializeOnLoadAttributes (888ms)
			ProcessInitializeOnLoadMethodAttributes (144ms)
			AfterProcessingInitializeOnLoad (17ms)
			EditorAssembliesLoaded (1ms)
		ExecutionOrderSort2 (0ms)
		AwakeInstancesAfterBackupRestoration (31ms)
Refreshing native plugins compatible for Editor in 17.11 ms, found 7 plugins.
Preloading 0 native plugins for Editor in 0.00 ms.
Unloading 15 Unused Serialized files (Serialized files now loaded: 0)
Unloading 7180 unused Assets / (5.6 MB). Loaded Objects now: 7963.
Memory consumption went from 174.7 MB to 169.1 MB.
Total: 43.395500 ms (FindLiveObjects: 2.912700 ms CreateObjectMapping: 4.291900 ms MarkObjects: 20.466900 ms  DeleteObjects: 15.717200 ms)

Prepare: number of updated asset objects reloaded= 0
